n_group,eventNum,peakRssi,phase,channel,pos_x,pos_y,pos_z,depth,angle_rx,angle_ry,angle_rz,angle_tx,angle_ty,angle_tz,moist,antenna,reads,idHex,format,PC,CRC,MAC,hostName,time_reader,type,power,power2,tag,obs,cmd,cmd_issued,cmd_received
62,	291058,	-66,	36.6240425109863,	867.5,	0,	1.106,	0,	0.096,	0,	0,	0,	180,	180,	180,	0,	2,	1,	300833b2ddd9014000000000,	epc,	3000,	39bb,	C4:7D:CC:73:CC:B2,	FX750073CCB2,	1752085741.504,	SIMPLE,	29.2,	29.2,	Belt0001,	Container_Water,	,	,	
63,	291059,	-63,	48.3577995300293,	867.5,	0,	1.106,	0,	0.096,	0,	0,	0,	180,	180,	180,	0,	1,	1,	000233b2ddd9014000000000,	epc,	3000,	6276,	C4:7D:CC:73:CC:B2,	FX750073CCB2,	1752085741.514,	SIMPLE,	29.2,	29.2,	Belt0001,	Container_Water,	start,	1275810.41483108,	1275810.48354068
63,	291060,	-64,	-167.299423217773,	867.5,	0,	1.106,	0,	0.096,	0,	0,	0,	180,	180,	180,	0,	1,	1,	300833b2ddd9014000000000,	epc,	3000,	39bb,	C4:7D:CC:73:CC:B2,	FX750073CCB2,	1752085741.516,	SIMPLE,	29.2,	29.2,	Belt0001,	Container_Water,	,	,	
63,	291061,	-59,	22.830286026001,	867.5,	0,	1.106,	0,	0.096,	0,	0,	0,	180,	180,	180,	0,	2,	1,	000233b2ddd9014000000000,	epc,	3000,	6276,	C4:7D:CC:73:CC:B2,	FX750073CCB2,	1752085741.532,	SIMPLE,	29.2,	29.2,	Belt0001,	Container_Water,	,	,	
63,	291062,	-66,	38.0193481445312,	867.5,	0,	1.106,	0,	0.096,	0,	0,	0,	180,	180,	180,	0,	2,	1,	300833b2ddd9014000000000,	epc,	3000,	39bb,	C4:7D:CC:73:CC:B2,	FX750073CCB2,	1752085741.545,	SIMPLE,	29.2,	29.2,	Belt0001,	Container_Water,	,	,	
63,	291063,	-62,	41.4581756591797,	867.5,	0,	1.106,	0,	0.096,	0,	0,	0,	180,	180,	180,	0,	1,	1,	000233b2ddd9014000000000,	epc,	3000,	6276,	C4:7D:CC:73:CC:B2,	FX750073CCB2,	1752085741.553,	SIMPLE,	29.2,	29.2,	Belt0001,	Container_Water,	,	,	
63,	291064,	-63,	-167.425765991211,	867.5,	0,	1.106,	0,	0.096,	0,	0,	0,	180,	180,	180,	0,	1,	1,	300833b2ddd9014000000000,	epc,	3000,	39bb,	C4:7D:CC:73:CC:B2,	FX750073CCB2,	1752085741.555,	SIMPLE,	29.2,	29.2,	Belt0001,	Container_Water,	,	,	
63,	291065,	-59,	21.8414859771729,	867.5,	0,	1.106,	0,	0.096,	0,	0,	0,	180,	180,	180,	0,	2,	1,	000233b2ddd9014000000000,	epc,	3000,	6276,	C4:7D:CC:73:CC:B2,	FX750073CCB2,	1752085741.564,	SIMPLE,	29.2,	29.2,	Belt0001,	Container_Water,	,	,	
63,	291066,	-66,	43.1336402893066,	867.5,	0,	1.106,	0,	0.096,	0,	0,	0,	180,	180,	180,	0,	2,	1,	300833b2ddd9014000000000,	epc,	3000,	39bb,	C4:7D:CC:73:CC:B2,	FX750073CCB2,	1752085741.657,	SIMPLE,	29.2,	29.2,	Belt0001,	Container_Water,	,	,	
63,	291067,	-63,	47.7480392456055,	867.5,	0,	1.106,	0,	0.096,	0,	0,	0,	180,	180,	180,	0,	1,	1,	000233b2ddd9014000000000,	epc,	3000,	6276,	C4:7D:CC:73:CC:B2,	FX750073CCB2,	1752085741.665,	SIMPLE,	29.2,	29.2,	Belt0001,	Container_Water,	,	,	
63,	291068,	-63,	-169.656051635742,	867.5,	0,	1.106,	0,	0.096,	0,	0,	0,	180,	180,	180,	0,	1,	1,	300833b2ddd9014000000000,	epc,	3000,	39bb,	C4:7D:CC:73:CC:B2,	FX750073CCB2,	1752085741.668,	SIMPLE,	29.2,	29.2,	Belt0001,	Container_Water,	,	,	
63,	291069,	-59,	18.9135417938232,	867.5,	0,	1.106,	0,	0.096,	0,	0,	0,	180,	180,	180,	0,	2,	1,	000233b2ddd9014000000000,	epc,	3000,	6276,	C4:7D:CC:73:CC:B2,	FX750073CCB2,	1752085741.677,	SIMPLE,	29.2,	29.2,	Belt0001,	Container_Water,	,	,	
63,	291070,	-66,	39.8156700134277,	867.5,	0,	1.106,	0,	0.096,	0,	0,	0,	180,	180,	180,	0,	2,	1,	300833b2ddd9014000000000,	epc,	3000,	39bb,	C4:7D:CC:73:CC:B2,	FX750073CCB2,	1752085741.786,	SIMPLE,	29.2,	29.2,	Belt0001,	Container_Water,	,	,	
63,	291071,	-63,	45.2595596313477,	867.5,	0,	1.106,	0,	0.096,	0,	0,	0,	180,	180,	180,	0,	1,	1,	000233b2ddd9014000000000,	epc,	3000,	6276,	C4:7D:CC:73:CC:B2,	FX750073CCB2,	1752085741.974,	SIMPLE,	29.2,	29.2,	Belt0001,	Container_Water,	,	,	
63,	291072,	-64,	-175.7646484375,	867.5,	0,	1.106,	0,	0.096,	0,	0,	0,	180,	180,	180,	0,	1,	1,	300833b2ddd9014000000000,	epc,	3000,	39bb,	C4:7D:CC:73:CC:B2,	FX750073CCB2,	1752085741.976,	SIMPLE,	29.2,	29.2,	Belt0001,	Container_Water,	,	,	
63,	291073,	-59,	21.9238872528076,	867.5,	0,	1.106,	0,	0.096,	0,	0,	0,	180,	180,	180,	0,	2,	1,	000233b2ddd9014000000000,	epc,	3000,	6276,	C4:7D:CC:73:CC:B2,	FX750073CCB2,	1752085741.985,	SIMPLE,	29.2,	29.2,	Belt0001,	Container_Water,	,	,	
63,	291074,	-67,	39.3322563171387,	867.5,	0,	1.106,	0,	0.096,	0,	0,	0,	180,	180,	180,	0,	2,	1,	300833b2ddd9014000000000,	epc,	3000,	39bb,	C4:7D:CC:73:CC:B2,	FX750073CCB2,	1752085742.005,	SIMPLE,	29.2,	29.2,	Belt0001,	Container_Water,	,	,	
63,	291075,	-63,	48.1160926818848,	867.5,	0,	1.106,	0,	0.096,	0,	0,	0,	180,	180,	180,	0,	1,	1,	000233b2ddd9014000000000,	epc,	3000,	6276,	C4:7D:CC:73:CC:B2,	FX750073CCB2,	1752085742.015,	SIMPLE,	29.2,	29.2,	Belt0001,	Container_Water,	,	,	
63,	291076,	-63,	-177.41813659668,	867.5,	0,	1.106,	0,	0.096,	0,	0,	0,	180,	180,	180,	0,	1,	1,	300833b2ddd9014000000000,	epc,	3000,	39bb,	C4:7D:CC:73:CC:B2,	FX750073CCB2,	1752085742.017,	SIMPLE,	29.2,	29.2,	Belt0001,	Container_Water,	,	,	
63,	291077,	-59,	21.5613269805908,	867.5,	0,	1.106,	0,	0.096,	0,	0,	0,	180,	180,	180,	0,	2,	1,	000233b2ddd9014000000000,	epc,	3000,	6276,	C4:7D:CC:73:CC:B2,	FX750073CCB2,	1752085742.026,	SIMPLE,	29.2,	29.2,	Belt0001,	Container_Water,	,	,	
63,	291078,	-67,	42.5183868408203,	867.5,	0,	1.106,	0,	0.096,	0,	0,	0,	180,	180,	180,	0,	2,	1,	300833b2ddd9014000000000,	epc,	3000,	39bb,	C4:7D:CC:73:CC:B2,	FX750073CCB2,	1752085742.091,	SIMPLE,	29.2,	29.2,	Belt0001,	Container_Water,	,	,	
63,	291079,	-63,	-175.577865600586,	867.5,	0,	1.106,	0,	0.096,	0,	0,	0,	180,	180,	180,	0,	1,	1,	300833b2ddd9014000000000,	epc,	3000,	39bb,	C4:7D:CC:73:CC:B2,	FX750073CCB2,	1752085742.101,	SIMPLE,	29.2,	29.2,	Belt0001,	Container_Water,	,	,	
63,	291080,	-63,	47.0393981933594,	867.5,	0,	1.106,	0,	0.096,	0,	0,	0,	180,	180,	180,	0,	1,	1,	000233b2ddd9014000000000,	epc,	3000,	6276,	C4:7D:CC:73:CC:B2,	FX750073CCB2,	1752085742.107,	SIMPLE,	29.2,	29.2,	Belt0001,	Container_Water,	,	,	
63,	291081,	-59,	21.6162605285645,	867.5,	0,	1.106,	0,	0.096,	0,	0,	0,	180,	180,	180,	0,	2,	1,	000233b2ddd9014000000000,	epc,	3000,	6276,	C4:7D:CC:73:CC:B2,	FX750073CCB2,	1752085742.113,	SIMPLE,	29.2,	29.2,	Belt0001,	Container_Water,	,	,	
63,	291082,	-67,	32.0810585021973,	867.5,	0,	1.106,	0,	0.096,	0,	0,	0,	180,	180,	180,	0,	2,	1,	300833b2ddd9014000000000,	epc,	3000,	39bb,	C4:7D:CC:73:CC:B2,	FX750073CCB2,	1752085742.124,	SIMPLE,	29.2,	29.2,	Belt0001,	Container_Water,	,	,	
63,	291083,	-63,	-174.424270629883,	867.5,	0,	1.106,	0,	0.096,	0,	0,	0,	180,	180,	180,	0,	1,	1,	300833b2ddd9014000000000,	epc,	3000,	39bb,	C4:7D:CC:73:CC:B2,	FX750073CCB2,	1752085742.134,	SIMPLE,	29.2,	29.2,	Belt0001,	Container_Water,	,	,	
63,	291084,	-63,	50.0881996154785,	867.5,	0,	1.106,	0,	0.096,	0,	0,	0,	180,	180,	180,	0,	1,	1,	000233b2ddd9014000000000,	epc,	3000,	6276,	C4:7D:CC:73:CC:B2,	FX750073CCB2,	1752085742.136,	SIMPLE,	29.2,	29.2,	Belt0001,	Container_Water,	,	,	
63,	291085,	-59,	19.9847412109375,	867.5,	0,	1.106,	0,	0.096,	0,	0,	0,	180,	180,	180,	0,	2,	1,	000233b2ddd9014000000000,	epc,	3000,	6276,	C4:7D:CC:73:CC:B2,	FX750073CCB2,	1752085742.146,	SIMPLE,	29.2,	29.2,	Belt0001,	Container_Water,	,	,	
63,	291086,	-63,	48.7807846069336,	867.5,	0,	1.106,	0,	0.096,	0,	0,	0,	180,	180,	180,	0,	1,	1,	000233b2ddd9014000000000,	epc,	3000,	6276,	C4:7D:CC:73:CC:B2,	FX750073CCB2,	1752085742.217,	SIMPLE,	29.2,	29.2,	Belt0001,	Container_Water,	,	,	
63,	291087,	-63,	-175.561386108398,	867.5,	0,	1.106,	0,	0.096,	0,	0,	0,	180,	180,	180,	0,	1,	1,	300833b2ddd9014000000000,	epc,	3000,	39bb,	C4:7D:CC:73:CC:B2,	FX750073CCB2,	1752085742.219,	SIMPLE,	29.2,	29.2,	Belt0001,	Container_Water,	,	,	
63,	291088,	-59,	19.9078350067139,	867.5,	0,	1.106,	0,	0.096,	0,	0,	0,	180,	180,	180,	0,	2,	1,	000233b2ddd9014000000000,	epc,	3000,	6276,	C4:7D:CC:73:CC:B2,	FX750073CCB2,	1752085742.227,	SIMPLE,	29.2,	29.2,	Belt0001,	Container_Water,	,	,	
63,	291089,	-66,	40.5517730712891,	867.5,	0,	1.106,	0,	0.096,	0,	0,	0,	180,	180,	180,	0,	2,	1,	300833b2ddd9014000000000,	epc,	3000,	39bb,	C4:7D:CC:73:CC:B2,	FX750073CCB2,	1752085742.271,	SIMPLE,	29.2,	29.2,	Belt0001,	Container_Water,	,	,	
63,	291090,	-63,	-176.275527954102,	867.5,	0,	1.106,	0,	0.096,	0,	0,	0,	180,	180,	180,	0,	1,	1,	300833b2ddd9014000000000,	epc,	3000,	39bb,	C4:7D:CC:73:CC:B2,	FX750073CCB2,	1752085742.279,	SIMPLE,	29.2,	29.2,	Belt0001,	Container_Water,	,	,	
63,	291091,	-63,	45.9901733398438,	867.5,	0,	1.106,	0,	0.096,	0,	0,	0,	180,	180,	180,	0,	1,	1,	000233b2ddd9014000000000,	epc,	3000,	6276,	C4:7D:CC:73:CC:B2,	FX750073CCB2,	1752085742.282,	SIMPLE,	29.2,	29.2,	Belt0001,	Container_Water,	,	,	
63,	291092,	-59,	18.2927951812744,	867.5,	0,	1.106,	0,	0.096,	0,	0,	0,	180,	180,	180,	0,	2,	1,	000233b2ddd9014000000000,	epc,	3000,	6276,	C4:7D:CC:73:CC:B2,	FX750073CCB2,	1752085742.29,	SIMPLE,	29.2,	29.2,	Belt0001,	Container_Water,	,	,	
63,	291093,	-67,	42.3041458129883,	867.5,	0,	1.106,	0,	0.096,	0,	0,	0,	180,	180,	180,	0,	2,	1,	300833b2ddd9014000000000,	epc,	3000,	39bb,	C4:7D:CC:73:CC:B2,	FX750073CCB2,	1752085742.324,	SIMPLE,	29.2,	29.2,	Belt0001,	Container_Water,	,	,	
63,	291094,	-63,	46.1384925842285,	867.5,	0,	1.106,	0,	0.096,	0,	0,	0,	180,	180,	180,	0,	1,	1,	000233b2ddd9014000000000,	epc,	3000,	6276,	C4:7D:CC:73:CC:B2,	FX750073CCB2,	1752085742.332,	SIMPLE,	29.2,	29.2,	Belt0001,	Container_Water,	,	,	
63,	291095,	-63,	-173.68815612793,	867.5,	0,	1.106,	0,	0.096,	0,	0,	0,	180,	180,	180,	0,	1,	1,	300833b2ddd9014000000000,	epc,	3000,	39bb,	C4:7D:CC:73:CC:B2,	FX750073CCB2,	1752085742.334,	SIMPLE,	29.2,	29.2,	Belt0001,	Container_Water,	,	,	
63,	291096,	-59,	19.4134349822998,	867.5,	0,	1.106,	0,	0.096,	0,	0,	0,	180,	180,	180,	0,	2,	1,	000233b2ddd9014000000000,	epc,	3000,	6276,	C4:7D:CC:73:CC:B2,	FX750073CCB2,	1752085742.342,	SIMPLE,	29.2,	29.2,	Belt0001,	Container_Water,	,	,	
63,	291097,	-66,	39.9749755859375,	867.5,	0,	1.106,	0,	0.096,	0,	0,	0,	180,	180,	180,	0,	2,	1,	300833b2ddd9014000000000,	epc,	3000,	39bb,	C4:7D:CC:73:CC:B2,	FX750073CCB2,	1752085742.351,	SIMPLE,	29.2,	29.2,	Belt0001,	Container_Water,	,	,	
63,	291098,	-63,	47.9238243103027,	867.5,	0,	1.106,	0,	0.096,	0,	0,	0,	180,	180,	180,	0,	1,	1,	000233b2ddd9014000000000,	epc,	3000,	6276,	C4:7D:CC:73:CC:B2,	FX750073CCB2,	1752085742.361,	SIMPLE,	29.2,	29.2,	Belt0001,	Container_Water,	,	,	
63,	291099,	-63,	-173.858459472656,	867.5,	0,	1.106,	0,	0.096,	0,	0,	0,	180,	180,	180,	0,	1,	1,	300833b2ddd9014000000000,	epc,	3000,	39bb,	C4:7D:CC:73:CC:B2,	FX750073CCB2,	1752085742.364,	SIMPLE,	29.2,	29.2,	Belt0001,	Container_Water,	,	,	
63,	291100,	-59,	18.7597274780273,	867.5,	0,	1.106,	0,	0.096,	0,	0,	0,	180,	180,	180,	0,	2,	1,	000233b2ddd9014000000000,	epc,	3000,	6276,	C4:7D:CC:73:CC:B2,	FX750073CCB2,	1752085742.372,	SIMPLE,	29.2,	29.2,	Belt0001,	Container_Water,	,	,	
63,	291101,	-67,	42.2547073364258,	867.5,	0,	1.106,	0,	0.096,	0,	0,	0,	180,	180,	180,	0,	2,	1,	300833b2ddd9014000000000,	epc,	3000,	39bb,	C4:7D:CC:73:CC:B2,	FX750073CCB2,	1752085742.429,	SIMPLE,	29.2,	29.2,	Belt0001,	Container_Water,	,	,	
63,	291102,	-63,	-175.544906616211,	867.5,	0,	1.106,	0,	0.096,	0,	0,	0,	180,	180,	180,	0,	1,	1,	300833b2ddd9014000000000,	epc,	3000,	39bb,	C4:7D:CC:73:CC:B2,	FX750073CCB2,	1752085742.438,	SIMPLE,	29.2,	29.2,	Belt0001,	Container_Water,	,	,	
63,	291103,	-63,	46.7702255249023,	867.5,	0,	1.106,	0,	0.096,	0,	0,	0,	180,	180,	180,	0,	1,	1,	000233b2ddd9014000000000,	epc,	3000,	6276,	C4:7D:CC:73:CC:B2,	FX750073CCB2,	1752085742.441,	SIMPLE,	29.2,	29.2,	Belt0001,	Container_Water,	,	,	
63,	291104,	-59,	18.5839405059814,	867.5,	0,	1.106,	0,	0.096,	0,	0,	0,	180,	180,	180,	0,	2,	1,	000233b2ddd9014000000000,	epc,	3000,	6276,	C4:7D:CC:73:CC:B2,	FX750073CCB2,	1752085742.452,	SIMPLE,	29.2,	29.2,	Belt0001,	Container_Water,	,	,	
63,	291105,	-66,	37.585376739502,	867.5,	0,	1.106,	0,	0.096,	0,	0,	0,	180,	180,	180,	0,	2,	1,	300833b2ddd9014000000000,	epc,	3000,	39bb,	C4:7D:CC:73:CC:B2,	FX750073CCB2,	1752085742.457,	SIMPLE,	29.2,	29.2,	Belt0001,	Container_Water,	,	,	
63,	291106,	-63,	-174.023254394531,	867.5,	0,	1.106,	0,	0.096,	0,	0,	0,	180,	180,	180,	0,	1,	1,	300833b2ddd9014000000000,	epc,	3000,	39bb,	C4:7D:CC:73:CC:B2,	FX750073CCB2,	1752085742.467,	SIMPLE,	29.2,	29.2,	Belt0001,	Container_Water,	,	,	
63,	291107,	-63,	51.3241996765137,	867.5,	0,	1.106,	0,	0.096,	0,	0,	0,	180,	180,	180,	0,	1,	1,	000233b2ddd9014000000000,	epc,	3000,	6276,	C4:7D:CC:73:CC:B2,	FX750073CCB2,	1752085742.47,	SIMPLE,	29.2,	29.2,	Belt0001,	Container_Water,	,	,	
63,	291108,	-59,	18.8695945739746,	867.5,	0,	1.106,	0,	0.096,	0,	0,	0,	180,	180,	180,	0,	2,	1,	000233b2ddd9014000000000,	epc,	3000,	6276,	C4:7D:CC:73:CC:B2,	FX750073CCB2,	1752085742.478,	SIMPLE,	29.2,	29.2,	Belt0001,	Container_Water,	,	,	
63,	291109,	-63,	45.863826751709,	867.5,	0,	1.106,	0,	0.096,	0,	0,	0,	180,	180,	180,	0,	1,	1,	000233b2ddd9014000000000,	epc,	3000,	6276,	C4:7D:CC:73:CC:B2,	FX750073CCB2,	1752085742.496,	SIMPLE,	29.2,	29.2,	Belt0001,	Container_Water,	,	,	
63,	291110,	-63,	-175.654769897461,	867.5,	0,	1.106,	0,	0.096,	0,	0,	0,	180,	180,	180,	0,	1,	1,	300833b2ddd9014000000000,	epc,	3000,	39bb,	C4:7D:CC:73:CC:B2,	FX750073CCB2,	1752085742.501,	SIMPLE,	29.2,	29.2,	Belt0001,	Container_Water,	,	,	
63,	291111,	-59,	19.0289001464844,	867.5,	0,	1.106,	0,	0.096,	0,	0,	0,	180,	180,	180,	0,	2,	1,	000233b2ddd9014000000000,	epc,	3000,	6276,	C4:7D:CC:73:CC:B2,	FX750073CCB2,	1752085742.511,	SIMPLE,	29.2,	29.2,	Belt0001,	Container_Water,	,	,	
63,	291112,	-66,	35.695671081543,	867.5,	0,	1.106,	0,	0.096,	0,	0,	0,	180,	180,	180,	0,	2,	1,	300833b2ddd9014000000000,	epc,	3000,	39bb,	C4:7D:CC:73:CC:B2,	FX750073CCB2,	1752085742.514,	SIMPLE,	29.2,	29.2,	Belt0001,	Container_Water,	,	,	
63,	291113,	-59,	19.6057014465332,	867.5,	0,	1.106,	0,	0.096,	0,	0,	0,	180,	180,	180,	0,	2,	1,	000233b2ddd9014000000000,	epc,	3000,	6276,	C4:7D:CC:73:CC:B2,	FX750073CCB2,	1752085742.527,	SIMPLE,	29.2,	29.2,	Belt0001,	Container_Water,	,	,	
63,	291114,	-67,	39.4640960693359,	867.5,	0,	1.106,	0,	0.096,	0,	0,	0,	180,	180,	180,	0,	2,	1,	300833b2ddd9014000000000,	epc,	3000,	39bb,	C4:7D:CC:73:CC:B2,	FX750073CCB2,	1752085742.533,	SIMPLE,	29.2,	29.2,	Belt0001,	Container_Water,	,	,	
63,	291115,	-63,	-175.072479248047,	867.5,	0,	1.106,	0,	0.096,	0,	0,	0,	180,	180,	180,	0,	1,	1,	300833b2ddd9014000000000,	epc,	3000,	39bb,	C4:7D:CC:73:CC:B2,	FX750073CCB2,	1752085742.543,	SIMPLE,	29.2,	29.2,	Belt0001,	Container_Water,	,	,	
63,	291116,	-63,	50.3903312683105,	867.5,	0,	1.106,	0,	0.096,	0,	0,	0,	180,	180,	180,	0,	1,	1,	000233b2ddd9014000000000,	epc,	3000,	6276,	C4:7D:CC:73:CC:B2,	FX750073CCB2,	1752085742.545,	SIMPLE,	29.2,	29.2,	Belt0001,	Container_Water,	,	,	
63,	291117,	-59,	18.4466075897217,	867.5,	0,	1.106,	0,	0.096,	0,	0,	0,	180,	180,	180,	0,	2,	1,	000233b2ddd9014000000000,	epc,	3000,	6276,	C4:7D:CC:73:CC:B2,	FX750073CCB2,	1752085742.554,	SIMPLE,	29.2,	29.2,	Belt0001,	Container_Water,	,	,	
63,	291118,	-66,	45.5671882629395,	867.5,	0,	1.106,	0,	0.096,	0,	0,	0,	180,	180,	180,	0,	2,	1,	300833b2ddd9014000000000,	epc,	3000,	39bb,	C4:7D:CC:73:CC:B2,	FX750073CCB2,	1752085742.586,	SIMPLE,	29.2,	29.2,	Belt0001,	Container_Water,	,	,	
63,	291119,	-63,	47.1712379455566,	867.5,	0,	1.106,	0,	0.096,	0,	0,	0,	180,	180,	180,	0,	1,	1,	000233b2ddd9014000000000,	epc,	3000,	6276,	C4:7D:CC:73:CC:B2,	FX750073CCB2,	1752085742.594,	SIMPLE,	29.2,	29.2,	Belt0001,	Container_Water,	,	,	
63,	291120,	-63,	-174.731887817383,	867.5,	0,	1.106,	0,	0.096,	0,	0,	0,	180,	180,	180,	0,	1,	1,	300833b2ddd9014000000000,	epc,	3000,	39bb,	C4:7D:CC:73:CC:B2,	FX750073CCB2,	1752085742.596,	SIMPLE,	29.2,	29.2,	Belt0001,	Container_Water,	,	,	
63,	291121,	-59,	20.6109809875488,	867.5,	0,	1.106,	0,	0.096,	0,	0,	0,	180,	180,	180,	0,	2,	1,	000233b2ddd9014000000000,	epc,	3000,	6276,	C4:7D:CC:73:CC:B2,	FX750073CCB2,	1752085742.606,	SIMPLE,	29.2,	29.2,	Belt0001,	Container_Water,	,	,	
63,	291122,	-66,	42.8644676208496,	867.5,	0,	1.106,	0,	0.096,	0,	0,	0,	180,	180,	180,	0,	2,	1,	300833b2ddd9014000000000,	epc,	3000,	39bb,	C4:7D:CC:73:CC:B2,	FX750073CCB2,	1752085742.627,	SIMPLE,	29.2,	29.2,	Belt0001,	Container_Water,	,	,	
63,	291123,	-63,	-176.05029296875,	867.5,	0,	1.106,	0,	0.096,	0,	0,	0,	180,	180,	180,	0,	1,	1,	300833b2ddd9014000000000,	epc,	3000,	39bb,	C4:7D:CC:73:CC:B2,	FX750073CCB2,	1752085742.638,	SIMPLE,	29.2,	29.2,	Belt0001,	Container_Water,	,	,	
63,	291124,	-63,	52.5711860656738,	867.5,	0,	1.106,	0,	0.096,	0,	0,	0,	180,	180,	180,	0,	1,	1,	000233b2ddd9014000000000,	epc,	3000,	6276,	C4:7D:CC:73:CC:B2,	FX750073CCB2,	1752085742.641,	SIMPLE,	29.2,	29.2,	Belt0001,	Container_Water,	,	,	
63,	291125,	-59,	18.8091678619385,	867.5,	0,	1.106,	0,	0.096,	0,	0,	0,	180,	180,	180,	0,	2,	1,	000233b2ddd9014000000000,	epc,	3000,	6276,	C4:7D:CC:73:CC:B2,	FX750073CCB2,	1752085742.649,	SIMPLE,	29.2,	29.2,	Belt0001,	Container_Water,	,	,	
63,	291126,	-66,	34.8277244567871,	867.5,	0,	1.106,	0,	0.096,	0,	0,	0,	180,	180,	180,	0,	2,	1,	300833b2ddd9014000000000,	epc,	3000,	39bb,	C4:7D:CC:73:CC:B2,	FX750073CCB2,	1752085742.657,	SIMPLE,	29.2,	29.2,	Belt0001,	Container_Water,	,	,	
63,	291127,	-63,	-177.247833251953,	867.5,	0,	1.106,	0,	0.096,	0,	0,	0,	180,	180,	180,	0,	1,	1,	300833b2ddd9014000000000,	epc,	3000,	39bb,	C4:7D:CC:73:CC:B2,	FX750073CCB2,	1752085742.665,	SIMPLE,	29.2,	29.2,	Belt0001,	Container_Water,	,	,	
63,	291128,	-63,	49.5059051513672,	867.5,	0,	1.106,	0,	0.096,	0,	0,	0,	180,	180,	180,	0,	1,	1,	000233b2ddd9014000000000,	epc,	3000,	6276,	C4:7D:CC:73:CC:B2,	FX750073CCB2,	1752085742.667,	SIMPLE,	29.2,	29.2,	Belt0001,	Container_Water,	,	,	
63,	291129,	-59,	22.4787139892578,	867.5,	0,	1.106,	0,	0.096,	0,	0,	0,	180,	180,	180,	0,	2,	1,	000233b2ddd9014000000000,	epc,	3000,	6276,	C4:7D:CC:73:CC:B2,	FX750073CCB2,	1752085742.678,	SIMPLE,	29.2,	29.2,	Belt0001,	Container_Water,	,	,	
63,	291130,	-66,	39.7167892456055,	867.5,	0,	1.106,	0,	0.096,	0,	0,	0,	180,	180,	180,	0,	2,	1,	300833b2ddd9014000000000,	epc,	3000,	39bb,	C4:7D:CC:73:CC:B2,	FX750073CCB2,	1752085742.688,	SIMPLE,	29.2,	29.2,	Belt0001,	Container_Water,	,	,	
63,	291131,	-63,	50.6375312805176,	867.5,	0,	1.106,	0,	0.096,	0,	0,	0,	180,	180,	180,	0,	1,	1,	000233b2ddd9014000000000,	epc,	3000,	6276,	C4:7D:CC:73:CC:B2,	FX750073CCB2,	1752085742.698,	SIMPLE,	29.2,	29.2,	Belt0001,	Container_Water,	,	,	
63,	291132,	-63,	-177.423629760742,	867.5,	0,	1.106,	0,	0.096,	0,	0,	0,	180,	180,	180,	0,	1,	1,	300833b2ddd9014000000000,	epc,	3000,	39bb,	C4:7D:CC:73:CC:B2,	FX750073CCB2,	1752085742.7,	SIMPLE,	29.2,	29.2,	Belt0001,	Container_Water,	,	,	
63,	291133,	-59,	18.9190349578857,	867.5,	0,	1.106,	0,	0.096,	0,	0,	0,	180,	180,	180,	0,	2,	1,	000233b2ddd9014000000000,	epc,	3000,	6276,	C4:7D:CC:73:CC:B2,	FX750073CCB2,	1752085742.714,	SIMPLE,	29.2,	29.2,	Belt0001,	Container_Water,	,	,	
63,	291134,	-67,	42.2711868286133,	867.5,	0,	1.106,	0,	0.096,	0,	0,	0,	180,	180,	180,	0,	2,	1,	300833b2ddd9014000000000,	epc,	3000,	39bb,	C4:7D:CC:73:CC:B2,	FX750073CCB2,	1752085742.744,	SIMPLE,	29.2,	29.2,	Belt0001,	Container_Water,	,	,	
63,	291135,	-63,	-177.28630065918,	867.5,	0,	1.106,	0,	0.096,	0,	0,	0,	180,	180,	180,	0,	1,	1,	300833b2ddd9014000000000,	epc,	3000,	39bb,	C4:7D:CC:73:CC:B2,	FX750073CCB2,	1752085742.752,	SIMPLE,	29.2,	29.2,	Belt0001,	Container_Water,	,	,	
63,	291136,	-63,	47.4898529052734,	867.5,	0,	1.106,	0,	0.096,	0,	0,	0,	180,	180,	180,	0,	1,	1,	000233b2ddd9014000000000,	epc,	3000,	6276,	C4:7D:CC:73:CC:B2,	FX750073CCB2,	1752085742.754,	SIMPLE,	29.2,	29.2,	Belt0001,	Container_Water,	,	,	
63,	291137,	-59,	21.6492195129395,	867.5,	0,	1.106,	0,	0.096,	0,	0,	0,	180,	180,	180,	0,	2,	1,	000233b2ddd9014000000000,	epc,	3000,	6276,	C4:7D:CC:73:CC:B2,	FX750073CCB2,	1752085742.763,	SIMPLE,	29.2,	29.2,	Belt0001,	Container_Water,	,	,	
63,	291138,	-66,	40.5902290344238,	867.5,	0,	1.106,	0,	0.096,	0,	0,	0,	180,	180,	180,	0,	2,	1,	300833b2ddd9014000000000,	epc,	3000,	39bb,	C4:7D:CC:73:CC:B2,	FX750073CCB2,	1752085742.807,	SIMPLE,	29.2,	29.2,	Belt0001,	Container_Water,	,	,	
63,	291139,	-63,	-176.127197265625,	867.5,	0,	1.106,	0,	0.096,	0,	0,	0,	180,	180,	180,	0,	1,	1,	300833b2ddd9014000000000,	epc,	3000,	39bb,	C4:7D:CC:73:CC:B2,	FX750073CCB2,	1752085742.816,	SIMPLE,	29.2,	29.2,	Belt0001,	Container_Water,	,	,	
63,	291140,	-63,	50.6979598999023,	867.5,	0,	1.106,	0,	0.096,	0,	0,	0,	180,	180,	180,	0,	1,	1,	000233b2ddd9014000000000,	epc,	3000,	6276,	C4:7D:CC:73:CC:B2,	FX750073CCB2,	1752085742.82,	SIMPLE,	29.2,	29.2,	Belt0001,	Container_Water,	,	,	
63,	291141,	-59,	21.9678325653076,	867.5,	0,	1.106,	0,	0.096,	0,	0,	0,	180,	180,	180,	0,	2,	1,	000233b2ddd9014000000000,	epc,	3000,	6276,	C4:7D:CC:73:CC:B2,	FX750073CCB2,	1752085742.83,	SIMPLE,	29.2,	29.2,	Belt0001,	Container_Water,	,	,	
63,	291142,	-66,	42.2821731567383,	867.5,	0,	1.106,	0,	0.096,	0,	0,	0,	180,	180,	180,	0,	2,	1,	300833b2ddd9014000000000,	epc,	3000,	39bb,	C4:7D:CC:73:CC:B2,	FX750073CCB2,	1752085742.854,	SIMPLE,	29.2,	29.2,	Belt0001,	Container_Water,	,	,	
63,	291143,	-63,	-178.395950317383,	867.5,	0,	1.106,	0,	0.096,	0,	0,	0,	180,	180,	180,	0,	1,	1,	300833b2ddd9014000000000,	epc,	3000,	39bb,	C4:7D:CC:73:CC:B2,	FX750073CCB2,	1752085742.862,	SIMPLE,	29.2,	29.2,	Belt0001,	Container_Water,	,	,	
63,	291144,	-63,	47.2206802368164,	867.5,	0,	1.106,	0,	0.096,	0,	0,	0,	180,	180,	180,	0,	1,	1,	000233b2ddd9014000000000,	epc,	3000,	6276,	C4:7D:CC:73:CC:B2,	FX750073CCB2,	1752085742.864,	SIMPLE,	29.2,	29.2,	Belt0001,	Container_Water,	,	,	
63,	291145,	-59,	21.3800468444824,	867.5,	0,	1.106,	0,	0.096,	0,	0,	0,	180,	180,	180,	0,	2,	1,	000233b2ddd9014000000000,	epc,	3000,	6276,	C4:7D:CC:73:CC:B2,	FX750073CCB2,	1752085742.876,	SIMPLE,	29.2,	29.2,	Belt0001,	Container_Water,	,	,	
63,	291146,	-66,	40.9967346191406,	867.5,	0,	1.106,	0,	0.096,	0,	0,	0,	180,	180,	180,	0,	2,	1,	300833b2ddd9014000000000,	epc,	3000,	39bb,	C4:7D:CC:73:CC:B2,	FX750073CCB2,	1752085742.984,	SIMPLE,	29.2,	29.2,	Belt0001,	Container_Water,	,	,	
63,	291147,	-63,	48.6544380187988,	867.5,	0,	1.106,	0,	0.096,	0,	0,	0,	180,	180,	180,	0,	1,	1,	000233b2ddd9014000000000,	epc,	3000,	6276,	C4:7D:CC:73:CC:B2,	FX750073CCB2,	1752085742.992,	SIMPLE,	29.2,	29.2,	Belt0001,	Container_Water,	,	,	
63,	291148,	-63,	-176.522720336914,	867.5,	0,	1.106,	0,	0.096,	0,	0,	0,	180,	180,	180,	0,	1,	1,	300833b2ddd9014000000000,	epc,	3000,	39bb,	C4:7D:CC:73:CC:B2,	FX750073CCB2,	1752085742.994,	SIMPLE,	29.2,	29.2,	Belt0001,	Container_Water,	,	,	
63,	291149,	-59,	21.1822872161865,	867.5,	0,	1.106,	0,	0.096,	0,	0,	0,	180,	180,	180,	0,	2,	1,	000233b2ddd9014000000000,	epc,	3000,	6276,	C4:7D:CC:73:CC:B2,	FX750073CCB2,	1752085743.005,	SIMPLE,	29.2,	29.2,	Belt0001,	Container_Water,	,	,	
63,	291150,	-67,	42.0020141601562,	867.5,	0,	1.106,	0,	0.096,	0,	0,	0,	180,	180,	180,	0,	2,	1,	300833b2ddd9014000000000,	epc,	3000,	39bb,	C4:7D:CC:73:CC:B2,	FX750073CCB2,	1752085743.054,	SIMPLE,	29.2,	29.2,	Belt0001,	Container_Water,	,	,	
63,	291151,	-63,	47.6326789855957,	867.5,	0,	1.106,	0,	0.096,	0,	0,	0,	180,	180,	180,	0,	1,	1,	000233b2ddd9014000000000,	epc,	3000,	6276,	C4:7D:CC:73:CC:B2,	FX750073CCB2,	1752085743.062,	SIMPLE,	29.2,	29.2,	Belt0001,	Container_Water,	,	,	
63,	291152,	-63,	-177.28630065918,	867.5,	0,	1.106,	0,	0.096,	0,	0,	0,	180,	180,	180,	0,	1,	1,	300833b2ddd9014000000000,	epc,	3000,	39bb,	C4:7D:CC:73:CC:B2,	FX750073CCB2,	1752085743.065,	SIMPLE,	29.2,	29.2,	Belt0001,	Container_Water,	,	,	
63,	291153,	-59,	22.1765804290771,	867.5,	0,	1.106,	0,	0.096,	0,	0,	0,	180,	180,	180,	0,	2,	1,	000233b2ddd9014000000000,	epc,	3000,	6276,	C4:7D:CC:73:CC:B2,	FX750073CCB2,	1752085743.075,	SIMPLE,	29.2,	29.2,	Belt0001,	Container_Water,	,	,	
63,	291154,	-66,	43.7324142456055,	867.5,	0,	1.106,	0,	0.096,	0,	0,	0,	180,	180,	180,	0,	2,	1,	300833b2ddd9014000000000,	epc,	3000,	39bb,	C4:7D:CC:73:CC:B2,	FX750073CCB2,	1752085743.077,	SIMPLE,	29.2,	29.2,	Belt0001,	Container_Water,	,	,	
63,	291155,	-63,	-176.962188720703,	867.5,	0,	1.106,	0,	0.096,	0,	0,	0,	180,	180,	180,	0,	1,	1,	300833b2ddd9014000000000,	epc,	3000,	39bb,	C4:7D:CC:73:CC:B2,	FX750073CCB2,	1752085743.086,	SIMPLE,	29.2,	29.2,	Belt0001,	Container_Water,	,	,	
63,	291156,	-63,	47.5173187255859,	867.5,	0,	1.106,	0,	0.096,	0,	0,	0,	180,	180,	180,	0,	1,	1,	000233b2ddd9014000000000,	epc,	3000,	6276,	C4:7D:CC:73:CC:B2,	FX750073CCB2,	1752085743.088,	SIMPLE,	29.2,	29.2,	Belt0001,	Container_Water,	,	,	
63,	291157,	-59,	21.7920475006104,	867.5,	0,	1.106,	0,	0.096,	0,	0,	0,	180,	180,	180,	0,	2,	1,	000233b2ddd9014000000000,	epc,	3000,	6276,	C4:7D:CC:73:CC:B2,	FX750073CCB2,	1752085743.099,	SIMPLE,	29.2,	29.2,	Belt0001,	Container_Water,	,	,	
63,	291158,	-63,	-176.429336547852,	867.5,	0,	1.106,	0,	0.096,	0,	0,	0,	180,	180,	180,	0,	1,	1,	300833b2ddd9014000000000,	epc,	3000,	39bb,	C4:7D:CC:73:CC:B2,	FX750073CCB2,	1752085743.132,	SIMPLE,	29.2,	29.2,	Belt0001,	Container_Water,	,	,	
63,	291159,	-63,	44.6497993469238,	867.5,	0,	1.106,	0,	0.096,	0,	0,	0,	180,	180,	180,	0,	1,	1,	000233b2ddd9014000000000,	epc,	3000,	6276,	C4:7D:CC:73:CC:B2,	FX750073CCB2,	1752085743.135,	SIMPLE,	29.2,	29.2,	Belt0001,	Container_Water,	,	,	
63,	291160,	-59,	19.0453815460205,	867.5,	0,	1.106,	0,	0.096,	0,	0,	0,	180,	180,	180,	0,	2,	1,	000233b2ddd9014000000000,	epc,	3000,	6276,	C4:7D:CC:73:CC:B2,	FX750073CCB2,	1752085743.142,	SIMPLE,	29.2,	29.2,	Belt0001,	Container_Water,	,	,	
63,	291161,	-66,	40.7165756225586,	867.5,	0,	1.106,	0,	0.096,	0,	0,	0,	180,	180,	180,	0,	2,	1,	300833b2ddd9014000000000,	epc,	3000,	39bb,	C4:7D:CC:73:CC:B2,	FX750073CCB2,	1752085743.169,	SIMPLE,	29.2,	29.2,	Belt0001,	Container_Water,	,	,	
63,	291162,	-63,	-177.912536621094,	867.5,	0,	1.106,	0,	0.096,	0,	0,	0,	180,	180,	180,	0,	1,	1,	300833b2ddd9014000000000,	epc,	3000,	39bb,	C4:7D:CC:73:CC:B2,	FX750073CCB2,	1752085743.177,	SIMPLE,	29.2,	29.2,	Belt0001,	Container_Water,	,	,	
63,	291163,	-63,	44.8475608825684,	867.5,	0,	1.106,	0,	0.096,	0,	0,	0,	180,	180,	180,	0,	1,	1,	000233b2ddd9014000000000,	epc,	3000,	6276,	C4:7D:CC:73:CC:B2,	FX750073CCB2,	1752085743.18,	SIMPLE,	29.2,	29.2,	Belt0001,	Container_Water,	,	,	
63,	291164,	-59,	18.3257541656494,	867.5,	0,	1.106,	0,	0.096,	0,	0,	0,	180,	180,	180,	0,	2,	1,	000233b2ddd9014000000000,	epc,	3000,	6276,	C4:7D:CC:73:CC:B2,	FX750073CCB2,	1752085743.188,	SIMPLE,	29.2,	29.2,	Belt0001,	Container_Water,	,	,	
63,	291165,	-66,	38.6730537414551,	867.5,	0,	1.106,	0,	0.096,	0,	0,	0,	180,	180,	180,	0,	2,	1,	300833b2ddd9014000000000,	epc,	3000,	39bb,	C4:7D:CC:73:CC:B2,	FX750073CCB2,	1752085743.193,	SIMPLE,	29.2,	29.2,	Belt0001,	Container_Water,	,	,	
63,	291166,	-63,	45.8253746032715,	867.5,	0,	1.106,	0,	0.096,	0,	0,	0,	180,	180,	180,	0,	1,	1,	000233b2ddd9014000000000,	epc,	3000,	6276,	C4:7D:CC:73:CC:B2,	FX750073CCB2,	1752085743.204,	SIMPLE,	29.2,	29.2,	Belt0001,	Container_Water,	,	,	
63,	291167,	-63,	-177.74772644043,	867.5,	0,	1.106,	0,	0.096,	0,	0,	0,	180,	180,	180,	0,	1,	1,	300833b2ddd9014000000000,	epc,	3000,	39bb,	C4:7D:CC:73:CC:B2,	FX750073CCB2,	1752085743.206,	SIMPLE,	29.2,	29.2,	Belt0001,	Container_Water,	,	,	
63,	291168,	-59,	17.1776485443115,	867.5,	0,	1.106,	0,	0.096,	0,	0,	0,	180,	180,	180,	0,	2,	1,	000233b2ddd9014000000000,	epc,	3000,	6276,	C4:7D:CC:73:CC:B2,	FX750073CCB2,	1752085743.214,	SIMPLE,	29.2,	29.2,	Belt0001,	Container_Water,	,	,	
63,	291169,	-67,	42.1997756958008,	867.5,	0,	1.106,	0,	0.096,	0,	0,	0,	180,	180,	180,	0,	2,	1,	300833b2ddd9014000000000,	epc,	3000,	39bb,	C4:7D:CC:73:CC:B2,	FX750073CCB2,	1752085743.226,	SIMPLE,	29.2,	29.2,	Belt0001,	Container_Water,	,	,	
63,	291170,	-63,	-176.764434814453,	867.5,	0,	1.106,	0,	0.096,	0,	0,	0,	180,	180,	180,	0,	1,	1,	300833b2ddd9014000000000,	epc,	3000,	39bb,	C4:7D:CC:73:CC:B2,	FX750073CCB2,	1752085743.234,	SIMPLE,	29.2,	29.2,	Belt0001,	Container_Water,	,	,	
63,	291171,	-63,	49.1763038635254,	867.5,	0,	1.106,	0,	0.096,	0,	0,	0,	180,	180,	180,	0,	1,	1,	000233b2ddd9014000000000,	epc,	3000,	6276,	C4:7D:CC:73:CC:B2,	FX750073CCB2,	1752085743.237,	SIMPLE,	29.2,	29.2,	Belt0001,	Container_Water,	,	,	
63,	291172,	-59,	18.4795684814453,	867.5,	0,	1.106,	0,	0.096,	0,	0,	0,	180,	180,	180,	0,	2,	1,	000233b2ddd9014000000000,	epc,	3000,	6276,	C4:7D:CC:73:CC:B2,	FX750073CCB2,	1752085743.245,	SIMPLE,	29.2,	29.2,	Belt0001,	Container_Water,	,	,	
63,	291173,	-66,	38.145694732666,	867.5,	0,	1.106,	0,	0.096,	0,	0,	0,	180,	180,	180,	0,	2,	1,	300833b2ddd9014000000000,	epc,	3000,	39bb,	C4:7D:CC:73:CC:B2,	FX750073CCB2,	1752085743.25,	SIMPLE,	29.2,	29.2,	Belt0001,	Container_Water,	,	,	
63,	291174,	-63,	-175.369125366211,	867.5,	0,	1.106,	0,	0.096,	0,	0,	0,	180,	180,	180,	0,	1,	1,	300833b2ddd9014000000000,	epc,	3000,	39bb,	C4:7D:CC:73:CC:B2,	FX750073CCB2,	1752085743.258,	SIMPLE,	29.2,	29.2,	Belt0001,	Container_Water,	,	,	
63,	291175,	-63,	48.4841461181641,	867.5,	0,	1.106,	0,	0.096,	0,	0,	0,	180,	180,	180,	0,	1,	1,	000233b2ddd9014000000000,	epc,	3000,	6276,	C4:7D:CC:73:CC:B2,	FX750073CCB2,	1752085743.261,	SIMPLE,	29.2,	29.2,	Belt0001,	Container_Water,	,	,	
63,	291176,	-59,	19.4299144744873,	867.5,	0,	1.106,	0,	0.096,	0,	0,	0,	180,	180,	180,	0,	2,	1,	000233b2ddd9014000000000,	epc,	3000,	6276,	C4:7D:CC:73:CC:B2,	FX750073CCB2,	1752085743.269,	SIMPLE,	29.2,	29.2,	Belt0001,	Container_Water,	,	,	
63,	291177,	-66,	42.7820663452148,	867.5,	0,	1.106,	0,	0.096,	0,	0,	0,	180,	180,	180,	0,	2,	1,	300833b2ddd9014000000000,	epc,	3000,	39bb,	C4:7D:CC:73:CC:B2,	FX750073CCB2,	1752085743.273,	SIMPLE,	29.2,	29.2,	Belt0001,	Container_Water,	,	,	
63,	291178,	-63,	-174.830780029297,	867.5,	0,	1.106,	0,	0.096,	0,	0,	0,	180,	180,	180,	0,	1,	1,	300833b2ddd9014000000000,	epc,	3000,	39bb,	C4:7D:CC:73:CC:B2,	FX750073CCB2,	1752085743.284,	SIMPLE,	29.2,	29.2,	Belt0001,	Container_Water,	,	,	
63,	291179,	-63,	49.0554504394531,	867.5,	0,	1.106,	0,	0.096,	0,	0,	0,	180,	180,	180,	0,	1,	1,	000233b2ddd9014000000000,	epc,	3000,	6276,	C4:7D:CC:73:CC:B2,	FX750073CCB2,	1752085743.286,	SIMPLE,	29.2,	29.2,	Belt0001,	Container_Water,	,	,	
63,	291180,	-59,	21.3800468444824,	867.5,	0,	1.106,	0,	0.096,	0,	0,	0,	180,	180,	180,	0,	2,	1,	000233b2ddd9014000000000,	epc,	3000,	6276,	C4:7D:CC:73:CC:B2,	FX750073CCB2,	1752085743.295,	SIMPLE,	29.2,	29.2,	Belt0001,	Container_Water,	,	,	
63,	291181,	-66,	40.9967346191406,	867.5,	0,	1.106,	0,	0.096,	0,	0,	0,	180,	180,	180,	0,	2,	1,	300833b2ddd9014000000000,	epc,	3000,	39bb,	C4:7D:CC:73:CC:B2,	FX750073CCB2,	1752085743.352,	SIMPLE,	29.2,	29.2,	Belt0001,	Container_Water,	,	,	
63,	291182,	-63,	46.369213104248,	867.5,	0,	1.106,	0,	0.096,	0,	0,	0,	180,	180,	180,	0,	1,	1,	000233b2ddd9014000000000,	epc,	3000,	6276,	C4:7D:CC:73:CC:B2,	FX750073CCB2,	1752085743.362,	SIMPLE,	29.2,	29.2,	Belt0001,	Container_Water,	,	,	
63,	291183,	-63,	-173.561813354492,	867.5,	0,	1.106,	0,	0.096,	0,	0,	0,	180,	180,	180,	0,	1,	1,	300833b2ddd9014000000000,	epc,	3000,	39bb,	C4:7D:CC:73:CC:B2,	FX750073CCB2,	1752085743.365,	SIMPLE,	29.2,	29.2,	Belt0001,	Container_Water,	,	,	
63,	291184,	-59,	17.606128692627,	867.5,	0,	1.106,	0,	0.096,	0,	0,	0,	180,	180,	180,	0,	2,	1,	000233b2ddd9014000000000,	epc,	3000,	6276,	C4:7D:CC:73:CC:B2,	FX750073CCB2,	1752085743.375,	SIMPLE,	29.2,	29.2,	Belt0001,	Container_Water,	,	,	
63,	291185,	-66,	35.0804176330566,	867.5,	0,	1.106,	0,	0.096,	0,	0,	0,	180,	180,	180,	0,	2,	1,	300833b2ddd9014000000000,	epc,	3000,	39bb,	C4:7D:CC:73:CC:B2,	FX750073CCB2,	1752085743.387,	SIMPLE,	29.2,	29.2,	Belt0001,	Container_Water,	,	,	
63,	291186,	-63,	51.791130065918,	867.5,	0,	1.106,	0,	0.096,	0,	0,	0,	180,	180,	180,	0,	1,	1,	000233b2ddd9014000000000,	epc,	3000,	6276,	C4:7D:CC:73:CC:B2,	FX750073CCB2,	1752085743.395,	SIMPLE,	29.2,	29.2,	Belt0001,	Container_Water,	,	,	
63,	291187,	-63,	-175.792114257812,	867.5,	0,	1.106,	0,	0.096,	0,	0,	0,	180,	180,	180,	0,	1,	1,	300833b2ddd9014000000000,	epc,	3000,	39bb,	C4:7D:CC:73:CC:B2,	FX750073CCB2,	1752085743.397,	SIMPLE,	29.2,	29.2,	Belt0001,	Container_Water,	,	,	
63,	291188,	-59,	21.9788208007812,	867.5,	0,	1.106,	0,	0.096,	0,	0,	0,	180,	180,	180,	0,	2,	1,	000233b2ddd9014000000000,	epc,	3000,	6276,	C4:7D:CC:73:CC:B2,	FX750073CCB2,	1752085743.406,	SIMPLE,	29.2,	29.2,	Belt0001,	Container_Water,	,	,	
63,	291189,	-63,	-179.197967529297,	867.5,	0,	1.106,	0,	0.096,	0,	0,	0,	180,	180,	180,	0,	1,	1,	300833b2ddd9014000000000,	epc,	3000,	39bb,	C4:7D:CC:73:CC:B2,	FX750073CCB2,	1752085743.44,	SIMPLE,	29.2,	29.2,	Belt0001,	Container_Water,	,	,	
63,	291190,	-63,	48.5006256103516,	867.5,	0,	1.106,	0,	0.096,	0,	0,	0,	180,	180,	180,	0,	1,	1,	000233b2ddd9014000000000,	epc,	3000,	6276,	C4:7D:CC:73:CC:B2,	FX750073CCB2,	1752085743.443,	SIMPLE,	29.2,	29.2,	Belt0001,	Container_Water,	,	,	
63,	291191,	-59,	19.0234069824219,	867.5,	0,	1.106,	0,	0.096,	0,	0,	0,	180,	180,	180,	0,	2,	1,	000233b2ddd9014000000000,	epc,	3000,	6276,	C4:7D:CC:73:CC:B2,	FX750073CCB2,	1752085743.451,	SIMPLE,	29.2,	29.2,	Belt0001,	Container_Water,	,	,	
63,	291192,	-66,	42.8315086364746,	867.5,	0,	1.106,	0,	0.096,	0,	0,	0,	180,	180,	180,	0,	2,	1,	300833b2ddd9014000000000,	epc,	3000,	39bb,	C4:7D:CC:73:CC:B2,	FX750073CCB2,	1752085743.49,	SIMPLE,	29.2,	29.2,	Belt0001,	Container_Water,	,	,	
63,	291193,	-63,	-175.825073242188,	867.5,	0,	1.106,	0,	0.096,	0,	0,	0,	180,	180,	180,	0,	1,	1,	300833b2ddd9014000000000,	epc,	3000,	39bb,	C4:7D:CC:73:CC:B2,	FX750073CCB2,	1752085743.5,	SIMPLE,	29.2,	29.2,	Belt0001,	Container_Water,	,	,	
63,	291194,	-63,	46.2044143676758,	867.5,	0,	1.106,	0,	0.096,	0,	0,	0,	180,	180,	180,	0,	1,	1,	000233b2ddd9014000000000,	epc,	3000,	6276,	C4:7D:CC:73:CC:B2,	FX750073CCB2,	1752085743.503,	SIMPLE,	29.2,	29.2,	Belt0001,	Container_Water,	,	,	
63,	291195,	-59,	18.825647354126,	867.5,	0,	1.106,	0,	0.096,	0,	0,	0,	180,	180,	180,	0,	2,	1,	000233b2ddd9014000000000,	epc,	3000,	6276,	C4:7D:CC:73:CC:B2,	FX750073CCB2,	1752085743.512,	SIMPLE,	29.2,	29.2,	Belt0001,	Container_Water,	,	,	
63,	291196,	-66,	40.1507606506348,	867.5,	0,	1.106,	0,	0.096,	0,	0,	0,	180,	180,	180,	0,	2,	1,	300833b2ddd9014000000000,	epc,	3000,	39bb,	C4:7D:CC:73:CC:B2,	FX750073CCB2,	1752085743.514,	SIMPLE,	29.2,	29.2,	Belt0001,	Container_Water,	,	,	
63,	291197,	-63,	46.1384925842285,	867.5,	0,	1.106,	0,	0.096,	0,	0,	0,	180,	180,	180,	0,	1,	1,	000233b2ddd9014000000000,	epc,	3000,	6276,	C4:7D:CC:73:CC:B2,	FX750073CCB2,	1752085743.523,	SIMPLE,	29.2,	29.2,	Belt0001,	Container_Water,	,	,	
63,	291198,	-63,	-176.259048461914,	867.5,	0,	1.106,	0,	0.096,	0,	0,	0,	180,	180,	180,	0,	1,	1,	300833b2ddd9014000000000,	epc,	3000,	39bb,	C4:7D:CC:73:CC:B2,	FX750073CCB2,	1752085743.526,	SIMPLE,	29.2,	29.2,	Belt0001,	Container_Water,	,	,	
63,	291199,	-59,	18.1829280853271,	867.5,	0,	1.106,	0,	0.096,	0,	0,	0,	180,	180,	180,	0,	2,	1,	000233b2ddd9014000000000,	epc,	3000,	6276,	C4:7D:CC:73:CC:B2,	FX750073CCB2,	1752085743.533,	SIMPLE,	29.2,	29.2,	Belt0001,	Container_Water,	,	,	
63,	291200,	-67,	35.0364685058594,	867.5,	0,	1.106,	0,	0.096,	0,	0,	0,	180,	180,	180,	0,	2,	1,	300833b2ddd9014000000000,	epc,	3000,	39bb,	C4:7D:CC:73:CC:B2,	FX750073CCB2,	1752085743.624,	SIMPLE,	29.2,	29.2,	Belt0001,	Container_Water,	,	,	
63,	291201,	-63,	-178.30256652832,	867.5,	0,	1.106,	0,	0.096,	0,	0,	0,	180,	180,	180,	0,	1,	1,	300833b2ddd9014000000000,	epc,	3000,	39bb,	C4:7D:CC:73:CC:B2,	FX750073CCB2,	1752085743.634,	SIMPLE,	29.2,	29.2,	Belt0001,	Container_Water,	,	,	
63,	291202,	-63,	51.5384368896484,	867.5,	0,	1.106,	0,	0.096,	0,	0,	0,	180,	180,	180,	0,	1,	1,	000233b2ddd9014000000000,	epc,	3000,	6276,	C4:7D:CC:73:CC:B2,	FX750073CCB2,	1752085743.636,	SIMPLE,	29.2,	29.2,	Belt0001,	Container_Water,	,	,	
63,	291203,	-59,	21.2372207641602,	867.5,	0,	1.106,	0,	0.096,	0,	0,	0,	180,	180,	180,	0,	2,	1,	000233b2ddd9014000000000,	epc,	3000,	6276,	C4:7D:CC:73:CC:B2,	FX750073CCB2,	1752085743.645,	SIMPLE,	29.2,	29.2,	Belt0001,	Container_Water,	,	,	
63,	291204,	-66,	41.1285743713379,	867.5,	0,	1.106,	0,	0.096,	0,	0,	0,	180,	180,	180,	0,	2,	1,	300833b2ddd9014000000000,	epc,	3000,	39bb,	C4:7D:CC:73:CC:B2,	FX750073CCB2,	1752085743.703,	SIMPLE,	29.2,	29.2,	Belt0001,	Container_Water,	,	,	
63,	291205,	-63,	-175.770141601562,	867.5,	0,	1.106,	0,	0.096,	0,	0,	0,	180,	180,	180,	0,	1,	1,	300833b2ddd9014000000000,	epc,	3000,	39bb,	C4:7D:CC:73:CC:B2,	FX750073CCB2,	1752085743.713,	SIMPLE,	29.2,	29.2,	Belt0001,	Container_Water,	,	,	
63,	291206,	-63,	50.7913436889648,	867.5,	0,	1.106,	0,	0.096,	0,	0,	0,	180,	180,	180,	0,	1,	1,	000233b2ddd9014000000000,	epc,	3000,	6276,	C4:7D:CC:73:CC:B2,	FX750073CCB2,	1752085743.715,	SIMPLE,	29.2,	29.2,	Belt0001,	Container_Water,	,	,	
63,	291207,	-59,	20.6054878234863,	867.5,	0,	1.106,	0,	0.096,	0,	0,	0,	180,	180,	180,	0,	2,	1,	000233b2ddd9014000000000,	epc,	3000,	6276,	C4:7D:CC:73:CC:B2,	FX750073CCB2,	1752085743.724,	SIMPLE,	29.2,	29.2,	Belt0001,	Container_Water,	,	,	
63,	291208,	-67,	42.2711868286133,	867.5,	0,	1.106,	0,	0.096,	0,	0,	0,	180,	180,	180,	0,	2,	1,	300833b2ddd9014000000000,	epc,	3000,	39bb,	C4:7D:CC:73:CC:B2,	FX750073CCB2,	1752085743.763,	SIMPLE,	29.2,	29.2,	Belt0001,	Container_Water,	,	,	
63,	291209,	-63,	50.5056915283203,	867.5,	0,	1.106,	0,	0.096,	0,	0,	0,	180,	180,	180,	0,	1,	1,	000233b2ddd9014000000000,	epc,	3000,	6276,	C4:7D:CC:73:CC:B2,	FX750073CCB2,	1752085743.772,	SIMPLE,	29.2,	29.2,	Belt0001,	Container_Water,	,	,	
63,	291210,	-63,	-175.088958740234,	867.5,	0,	1.106,	0,	0.096,	0,	0,	0,	180,	180,	180,	0,	1,	1,	300833b2ddd9014000000000,	epc,	3000,	39bb,	C4:7D:CC:73:CC:B2,	FX750073CCB2,	1752085743.774,	SIMPLE,	29.2,	29.2,	Belt0001,	Container_Water,	,	,	
63,	291211,	-59,	19.5452747344971,	867.5,	0,	1.106,	0,	0.096,	0,	0,	0,	180,	180,	180,	0,	2,	1,	000233b2ddd9014000000000,	epc,	3000,	6276,	C4:7D:CC:73:CC:B2,	FX750073CCB2,	1752085743.783,	SIMPLE,	29.2,	29.2,	Belt0001,	Container_Water,	,	,	
63,	291212,	-63,	-173.248687744141,	867.5,	0,	1.106,	0,	0.096,	0,	0,	0,	180,	180,	180,	0,	1,	1,	300833b2ddd9014000000000,	epc,	3000,	39bb,	C4:7D:CC:73:CC:B2,	FX750073CCB2,	1752085743.848,	SIMPLE,	29.2,	29.2,	Belt0001,	Container_Water,	,	,	
63,	291213,	-63,	50.6485176086426,	867.5,	0,	1.106,	0,	0.096,	0,	0,	0,	180,	180,	180,	0,	1,	1,	000233b2ddd9014000000000,	epc,	3000,	6276,	C4:7D:CC:73:CC:B2,	FX750073CCB2,	1752085743.85,	SIMPLE,	29.2,	29.2,	Belt0001,	Container_Water,	,	,	
63,	291214,	-59,	23.5059661865234,	867.5,	0,	1.106,	0,	0.096,	0,	0,	0,	180,	180,	180,	0,	2,	1,	000233b2ddd9014000000000,	epc,	3000,	6276,	C4:7D:CC:73:CC:B2,	FX750073CCB2,	1752085743.862,	SIMPLE,	29.2,	29.2,	Belt0001,	Container_Water,	,	,	
63,	291215,	-66,	42.2382278442383,	867.5,	0,	1.106,	0,	0.096,	0,	0,	0,	180,	180,	180,	0,	2,	1,	300833b2ddd9014000000000,	epc,	3000,	39bb,	C4:7D:CC:73:CC:B2,	FX750073CCB2,	1752085743.92,	SIMPLE,	29.2,	29.2,	Belt0001,	Container_Water,	,	,	
63,	291216,	-63,	-176.220581054688,	867.5,	0,	1.106,	0,	0.096,	0,	0,	0,	180,	180,	180,	0,	1,	1,	300833b2ddd9014000000000,	epc,	3000,	39bb,	C4:7D:CC:73:CC:B2,	FX750073CCB2,	1752085743.929,	SIMPLE,	29.2,	29.2,	Belt0001,	Container_Water,	,	,	
63,	291217,	-63,	45.4243583679199,	867.5,	0,	1.106,	0,	0.096,	0,	0,	0,	180,	180,	180,	0,	1,	1,	000233b2ddd9014000000000,	epc,	3000,	6276,	C4:7D:CC:73:CC:B2,	FX750073CCB2,	1752085743.931,	SIMPLE,	29.2,	29.2,	Belt0001,	Container_Water,	,	,	
63,	291218,	-59,	19.5452747344971,	867.5,	0,	1.106,	0,	0.096,	0,	0,	0,	180,	180,	180,	0,	2,	1,	000233b2ddd9014000000000,	epc,	3000,	6276,	C4:7D:CC:73:CC:B2,	FX750073CCB2,	1752085743.939,	SIMPLE,	29.2,	29.2,	Belt0001,	Container_Water,	,	,	
63,	291219,	-67,	36.3768424987793,	867.5,	0,	1.106,	0,	0.096,	0,	0,	0,	180,	180,	180,	0,	2,	1,	300833b2ddd9014000000000,	epc,	3000,	39bb,	C4:7D:CC:73:CC:B2,	FX750073CCB2,	1752085743.944,	SIMPLE,	29.2,	29.2,	Belt0001,	Container_Water,	,	,	
63,	291220,	-63,	-175.330673217773,	867.5,	0,	1.106,	0,	0.096,	0,	0,	0,	180,	180,	180,	0,	1,	1,	300833b2ddd9014000000000,	epc,	3000,	39bb,	C4:7D:CC:73:CC:B2,	FX750073CCB2,	1752085743.954,	SIMPLE,	29.2,	29.2,	Belt0001,	Container_Water,	,	,	
63,	291221,	-63,	47.5447845458984,	867.5,	0,	1.106,	0,	0.096,	0,	0,	0,	180,	180,	180,	0,	1,	1,	000233b2ddd9014000000000,	epc,	3000,	6276,	C4:7D:CC:73:CC:B2,	FX750073CCB2,	1752085743.956,	SIMPLE,	29.2,	29.2,	Belt0001,	Container_Water,	,	,	
63,	291222,	-59,	20.8252201080322,	867.5,	0,	1.106,	0,	0.096,	0,	0,	0,	180,	180,	180,	0,	2,	1,	000233b2ddd9014000000000,	epc,	3000,	6276,	C4:7D:CC:73:CC:B2,	FX750073CCB2,	1752085743.964,	SIMPLE,	29.2,	29.2,	Belt0001,	Container_Water,	,	,	
63,	291223,	-66,	33.8554039001465,	867.5,	0,	1.106,	0,	0.096,	0,	0,	0,	180,	180,	180,	0,	2,	1,	300833b2ddd9014000000000,	epc,	3000,	39bb,	C4:7D:CC:73:CC:B2,	FX750073CCB2,	1752085743.997,	SIMPLE,	29.2,	29.2,	Belt0001,	Container_Water,	,	,	
63,	291224,	-63,	46.3197746276855,	867.5,	0,	1.106,	0,	0.096,	0,	0,	0,	180,	180,	180,	0,	1,	1,	000233b2ddd9014000000000,	epc,	3000,	6276,	C4:7D:CC:73:CC:B2,	FX750073CCB2,	1752085744.005,	SIMPLE,	29.2,	29.2,	Belt0001,	Container_Water,	,	,	
63,	291225,	-63,	-177.467575073242,	867.5,	0,	1.106,	0,	0.096,	0,	0,	0,	180,	180,	180,	0,	1,	1,	300833b2ddd9014000000000,	epc,	3000,	39bb,	C4:7D:CC:73:CC:B2,	FX750073CCB2,	1752085744.007,	SIMPLE,	29.2,	29.2,	Belt0001,	Container_Water,	,	,	
63,	291226,	-59,	18.5290069580078,	867.5,	0,	1.106,	0,	0.096,	0,	0,	0,	180,	180,	180,	0,	2,	1,	000233b2ddd9014000000000,	epc,	3000,	6276,	C4:7D:CC:73:CC:B2,	FX750073CCB2,	1752085744.017,	SIMPLE,	29.2,	29.2,	Belt0001,	Container_Water,	,	,	
63,	291227,	-66,	35.2397232055664,	867.5,	0,	1.106,	0,	0.096,	0,	0,	0,	180,	180,	180,	0,	2,	1,	300833b2ddd9014000000000,	epc,	3000,	39bb,	C4:7D:CC:73:CC:B2,	FX750073CCB2,	1752085744.026,	SIMPLE,	29.2,	29.2,	Belt0001,	Container_Water,	,	,	
63,	291228,	-63,	46.8910789489746,	867.5,	0,	1.106,	0,	0.096,	0,	0,	0,	180,	180,	180,	0,	1,	1,	000233b2ddd9014000000000,	epc,	3000,	6276,	C4:7D:CC:73:CC:B2,	FX750073CCB2,	1752085744.035,	SIMPLE,	29.2,	29.2,	Belt0001,	Container_Water,	,	,	
63,	291229,	-63,	-175.83056640625,	867.5,	0,	1.106,	0,	0.096,	0,	0,	0,	180,	180,	180,	0,	1,	1,	300833b2ddd9014000000000,	epc,	3000,	39bb,	C4:7D:CC:73:CC:B2,	FX750073CCB2,	1752085744.037,	SIMPLE,	29.2,	29.2,	Belt0001,	Container_Water,	,	,	
63,	291230,	-59,	20.4351940155029,	867.5,	0,	1.106,	0,	0.096,	0,	0,	0,	180,	180,	180,	0,	2,	1,	000233b2ddd9014000000000,	epc,	3000,	6276,	C4:7D:CC:73:CC:B2,	FX750073CCB2,	1752085744.047,	SIMPLE,	29.2,	29.2,	Belt0001,	Container_Water,	,	,	
63,	291231,	-66,	42.9853210449219,	867.5,	0,	1.106,	0,	0.096,	0,	0,	0,	180,	180,	180,	0,	2,	1,	300833b2ddd9014000000000,	epc,	3000,	39bb,	C4:7D:CC:73:CC:B2,	FX750073CCB2,	1752085744.052,	SIMPLE,	29.2,	29.2,	Belt0001,	Container_Water,	,	,	
63,	291232,	-63,	-174.44075012207,	867.5,	0,	1.106,	0,	0.096,	0,	0,	0,	180,	180,	180,	0,	1,	1,	300833b2ddd9014000000000,	epc,	3000,	39bb,	C4:7D:CC:73:CC:B2,	FX750073CCB2,	1752085744.062,	SIMPLE,	29.2,	29.2,	Belt0001,	Container_Water,	,	,	
63,	291233,	-63,	45.4738006591797,	867.5,	0,	1.106,	0,	0.096,	0,	0,	0,	180,	180,	180,	0,	1,	1,	000233b2ddd9014000000000,	epc,	3000,	6276,	C4:7D:CC:73:CC:B2,	FX750073CCB2,	1752085744.064,	SIMPLE,	29.2,	29.2,	Belt0001,	Container_Water,	,	,	
63,	291234,	-59,	22.4402599334717,	867.5,	0,	1.106,	0,	0.096,	0,	0,	0,	180,	180,	180,	0,	2,	1,	000233b2ddd9014000000000,	epc,	3000,	6276,	C4:7D:CC:73:CC:B2,	FX750073CCB2,	1752085744.075,	SIMPLE,	29.2,	29.2,	Belt0001,	Container_Water,	,	,	
63,	291235,	-67,	40.7715072631836,	867.5,	0,	1.106,	0,	0.096,	0,	0,	0,	180,	180,	180,	0,	2,	1,	300833b2ddd9014000000000,	epc,	3000,	39bb,	C4:7D:CC:73:CC:B2,	FX750073CCB2,	1752085744.15,	SIMPLE,	29.2,	29.2,	Belt0001,	Container_Water,	,	,	
63,	291236,	-63,	46.1384925842285,	867.5,	0,	1.106,	0,	0.096,	0,	0,	0,	180,	180,	180,	0,	1,	1,	000233b2ddd9014000000000,	epc,	3000,	6276,	C4:7D:CC:73:CC:B2,	FX750073CCB2,	1752085744.158,	SIMPLE,	29.2,	29.2,	Belt0001,	Container_Water,	,	,	
63,	291237,	-63,	-174.177062988281,	867.5,	0,	1.106,	0,	0.096,	0,	0,	0,	180,	180,	180,	0,	1,	1,	300833b2ddd9014000000000,	epc,	3000,	39bb,	C4:7D:CC:73:CC:B2,	FX750073CCB2,	1752085744.161,	SIMPLE,	29.2,	29.2,	Belt0001,	Container_Water,	,	,	
63,	291238,	-59,	21.5723133087158,	867.5,	0,	1.106,	0,	0.096,	0,	0,	0,	180,	180,	180,	0,	2,	1,	000233b2ddd9014000000000,	epc,	3000,	6276,	C4:7D:CC:73:CC:B2,	FX750073CCB2,	1752085744.169,	SIMPLE,	29.2,	29.2,	Belt0001,	Container_Water,	,	,	
63,	291239,	-66,	39.2498550415039,	867.5,	0,	1.106,	0,	0.096,	0,	0,	0,	180,	180,	180,	0,	2,	1,	300833b2ddd9014000000000,	epc,	3000,	39bb,	C4:7D:CC:73:CC:B2,	FX750073CCB2,	1752085744.182,	SIMPLE,	29.2,	29.2,	Belt0001,	Container_Water,	,	,	
63,	291240,	-63,	-176.209594726562,	867.5,	0,	1.106,	0,	0.096,	0,	0,	0,	180,	180,	180,	0,	1,	1,	300833b2ddd9014000000000,	epc,	3000,	39bb,	C4:7D:CC:73:CC:B2,	FX750073CCB2,	1752085744.191,	SIMPLE,	29.2,	29.2,	Belt0001,	Container_Water,	,	,	
63,	291241,	-63,	44.029052734375,	867.5,	0,	1.106,	0,	0.096,	0,	0,	0,	180,	180,	180,	0,	1,	1,	000233b2ddd9014000000000,	epc,	3000,	6276,	C4:7D:CC:73:CC:B2,	FX750073CCB2,	1752085744.193,	SIMPLE,	29.2,	29.2,	Belt0001,	Container_Water,	,	,	
63,	291242,	-59,	20.8801536560059,	867.5,	0,	1.106,	0,	0.096,	0,	0,	0,	180,	180,	180,	0,	2,	1,	000233b2ddd9014000000000,	epc,	3000,	6276,	C4:7D:CC:73:CC:B2,	FX750073CCB2,	1752085744.203,	SIMPLE,	29.2,	29.2,	Belt0001,	Container_Water,	,	,	
63,	291243,	-67,	40.8154563903809,	867.5,	0,	1.106,	0,	0.096,	0,	0,	0,	180,	180,	180,	0,	2,	1,	300833b2ddd9014000000000,	epc,	3000,	39bb,	C4:7D:CC:73:CC:B2,	FX750073CCB2,	1752085744.217,	SIMPLE,	29.2,	29.2,	Belt0001,	Container_Water,	,	,	
63,	291244,	-63,	47.5667610168457,	867.5,	0,	1.106,	0,	0.096,	0,	0,	0,	180,	180,	180,	0,	1,	1,	000233b2ddd9014000000000,	epc,	3000,	6276,	C4:7D:CC:73:CC:B2,	FX750073CCB2,	1752085744.225,	SIMPLE,	29.2,	29.2,	Belt0001,	Container_Water,	,	,	
63,	291245,	-63,	-173.71012878418,	867.5,	0,	1.106,	0,	0.096,	0,	0,	0,	180,	180,	180,	0,	1,	1,	300833b2ddd9014000000000,	epc,	3000,	39bb,	C4:7D:CC:73:CC:B2,	FX750073CCB2,	1752085744.227,	SIMPLE,	29.2,	29.2,	Belt0001,	Container_Water,	,	,	
63,	291246,	-59,	21.5118865966797,	867.5,	0,	1.106,	0,	0.096,	0,	0,	0,	180,	180,	180,	0,	2,	1,	000233b2ddd9014000000000,	epc,	3000,	6276,	C4:7D:CC:73:CC:B2,	FX750073CCB2,	1752085744.236,	SIMPLE,	29.2,	29.2,	Belt0001,	Container_Water,	,	,	
63,	291247,	-67,	41.3757743835449,	867.5,	0,	1.106,	0,	0.096,	0,	0,	0,	180,	180,	180,	0,	2,	1,	300833b2ddd9014000000000,	epc,	3000,	39bb,	C4:7D:CC:73:CC:B2,	FX750073CCB2,	1752085744.252,	SIMPLE,	29.2,	29.2,	Belt0001,	Container_Water,	,	,	
63,	291248,	-63,	-173.517868041992,	867.5,	0,	1.106,	0,	0.096,	0,	0,	0,	180,	180,	180,	0,	1,	1,	300833b2ddd9014000000000,	epc,	3000,	39bb,	C4:7D:CC:73:CC:B2,	FX750073CCB2,	1752085744.262,	SIMPLE,	29.2,	29.2,	Belt0001,	Container_Water,	,	,	
63,	291249,	-63,	44.6113471984863,	867.5,	0,	1.106,	0,	0.096,	0,	0,	0,	180,	180,	180,	0,	1,	1,	000233b2ddd9014000000000,	epc,	3000,	6276,	C4:7D:CC:73:CC:B2,	FX750073CCB2,	1752085744.264,	SIMPLE,	29.2,	29.2,	Belt0001,	Container_Water,	,	,	
63,	291250,	-59,	22.3248996734619,	867.5,	0,	1.106,	0,	0.096,	0,	0,	0,	180,	180,	180,	0,	2,	1,	000233b2ddd9014000000000,	epc,	3000,	6276,	C4:7D:CC:73:CC:B2,	FX750073CCB2,	1752085744.275,	SIMPLE,	29.2,	29.2,	Belt0001,	Container_Water,	,	,	
63,	291251,	-66,	43.4797210693359,	867.5,	0,	1.106,	0,	0.096,	0,	0,	0,	180,	180,	180,	0,	2,	1,	300833b2ddd9014000000000,	epc,	3000,	39bb,	C4:7D:CC:73:CC:B2,	FX750073CCB2,	1752085744.3,	SIMPLE,	29.2,	29.2,	Belt0001,	Container_Water,	,	,	
63,	291252,	-63,	-171.85888671875,	867.5,	0,	1.106,	0,	0.096,	0,	0,	0,	180,	180,	180,	0,	1,	1,	300833b2ddd9014000000000,	epc,	3000,	39bb,	C4:7D:CC:73:CC:B2,	FX750073CCB2,	1752085744.31,	SIMPLE,	29.2,	29.2,	Belt0001,	Container_Water,	,	,	
63,	291253,	-63,	44.1279335021973,	867.5,	0,	1.106,	0,	0.096,	0,	0,	0,	180,	180,	180,	0,	1,	1,	000233b2ddd9014000000000,	epc,	3000,	6276,	C4:7D:CC:73:CC:B2,	FX750073CCB2,	1752085744.313,	SIMPLE,	29.2,	29.2,	Belt0001,	Container_Water,	,	,	
63,	291254,	-59,	20.68239402771,	867.5,	0,	1.106,	0,	0.096,	0,	0,	0,	180,	180,	180,	0,	2,	1,	000233b2ddd9014000000000,	epc,	3000,	6276,	C4:7D:CC:73:CC:B2,	FX750073CCB2,	1752085744.321,	SIMPLE,	29.2,	29.2,	Belt0001,	Container_Water,	,	,	
63,	291255,	-66,	42.7655868530273,	867.5,	0,	1.106,	0,	0.096,	0,	0,	0,	180,	180,	180,	0,	2,	1,	300833b2ddd9014000000000,	epc,	3000,	39bb,	C4:7D:CC:73:CC:B2,	FX750073CCB2,	1752085744.376,	SIMPLE,	29.2,	29.2,	Belt0001,	Container_Water,	,	,	
63,	291256,	-63,	44.5289459228516,	867.5,	0,	1.106,	0,	0.096,	0,	0,	0,	180,	180,	180,	0,	1,	1,	000233b2ddd9014000000000,	epc,	3000,	6276,	C4:7D:CC:73:CC:B2,	FX750073CCB2,	1752085744.384,	SIMPLE,	29.2,	29.2,	Belt0001,	Container_Water,	,	,	
63,	291257,	-63,	-175.286727905273,	867.5,	0,	1.106,	0,	0.096,	0,	0,	0,	180,	180,	180,	0,	1,	1,	300833b2ddd9014000000000,	epc,	3000,	39bb,	C4:7D:CC:73:CC:B2,	FX750073CCB2,	1752085744.387,	SIMPLE,	29.2,	29.2,	Belt0001,	Container_Water,	,	,	
63,	291258,	-67,	42.7820663452148,	867.5,	0,	1.106,	0,	0.096,	0,	0,	0,	180,	180,	180,	0,	2,	1,	300833b2ddd9014000000000,	epc,	3000,	39bb,	C4:7D:CC:73:CC:B2,	FX750073CCB2,	1752085744.396,	SIMPLE,	29.2,	29.2,	Belt0001,	Container_Water,	,	,	
63,	291259,	-59,	20.0506610870361,	867.5,	0,	1.106,	0,	0.096,	0,	0,	0,	180,	180,	180,	0,	2,	1,	000233b2ddd9014000000000,	epc,	3000,	6276,	C4:7D:CC:73:CC:B2,	FX750073CCB2,	1752085744.399,	SIMPLE,	29.2,	29.2,	Belt0001,	Container_Water,	,	,	
63,	291260,	-63,	50.9945983886719,	867.5,	0,	1.106,	0,	0.096,	0,	0,	0,	180,	180,	180,	0,	1,	1,	000233b2ddd9014000000000,	epc,	3000,	6276,	C4:7D:CC:73:CC:B2,	FX750073CCB2,	1752085744.41,	SIMPLE,	29.2,	29.2,	Belt0001,	Container_Water,	,	,	
63,	291261,	-63,	-174.33088684082,	867.5,	0,	1.106,	0,	0.096,	0,	0,	0,	180,	180,	180,	0,	1,	1,	300833b2ddd9014000000000,	epc,	3000,	39bb,	C4:7D:CC:73:CC:B2,	FX750073CCB2,	1752085744.413,	SIMPLE,	29.2,	29.2,	Belt0001,	Container_Water,	,	,	
63,	291262,	-59,	21.1548194885254,	867.5,	0,	1.106,	0,	0.096,	0,	0,	0,	180,	180,	180,	0,	2,	1,	000233b2ddd9014000000000,	epc,	3000,	6276,	C4:7D:CC:73:CC:B2,	FX750073CCB2,	1752085744.422,	SIMPLE,	29.2,	29.2,	Belt0001,	Container_Water,	,	,	
63,	291263,	-67,	39.5574798583984,	867.5,	0,	1.106,	0,	0.096,	0,	0,	0,	180,	180,	180,	0,	2,	1,	300833b2ddd9014000000000,	epc,	3000,	39bb,	C4:7D:CC:73:CC:B2,	FX750073CCB2,	1752085744.485,	SIMPLE,	29.2,	29.2,	Belt0001,	Container_Water,	,	,	
63,	291264,	-63,	-170.925018310547,	867.5,	0,	1.106,	0,	0.096,	0,	0,	0,	180,	180,	180,	0,	1,	1,	300833b2ddd9014000000000,	epc,	3000,	39bb,	C4:7D:CC:73:CC:B2,	FX750073CCB2,	1752085744.494,	SIMPLE,	29.2,	29.2,	Belt0001,	Container_Water,	,	,	
63,	291265,	-63,	49.665210723877,	867.5,	0,	1.106,	0,	0.096,	0,	0,	0,	180,	180,	180,	0,	1,	1,	000233b2ddd9014000000000,	epc,	3000,	6276,	C4:7D:CC:73:CC:B2,	FX750073CCB2,	1752085744.497,	SIMPLE,	29.2,	29.2,	Belt0001,	Container_Water,	,	,	
63,	291266,	-59,	22.8907127380371,	867.5,	0,	1.106,	0,	0.096,	0,	0,	0,	180,	180,	180,	0,	2,	1,	000233b2ddd9014000000000,	epc,	3000,	6276,	C4:7D:CC:73:CC:B2,	FX750073CCB2,	1752085744.506,	SIMPLE,	29.2,	29.2,	Belt0001,	Container_Water,	,	,	
63,	291267,	-66,	44.265266418457,	867.5,	0,	1.106,	0,	0.096,	0,	0,	0,	180,	180,	180,	0,	2,	1,	300833b2ddd9014000000000,	epc,	3000,	39bb,	C4:7D:CC:73:CC:B2,	FX750073CCB2,	1752085744.62,	SIMPLE,	29.2,	29.2,	Belt0001,	Container_Water,	,	,	
63,	291268,	-63,	47.8798789978027,	867.5,	0,	1.106,	0,	0.096,	0,	0,	0,	180,	180,	180,	0,	1,	1,	000233b2ddd9014000000000,	epc,	3000,	6276,	C4:7D:CC:73:CC:B2,	FX750073CCB2,	1752085744.629,	SIMPLE,	29.2,	29.2,	Belt0001,	Container_Water,	,	,	
63,	291269,	-63,	-173.083892822266,	867.5,	0,	1.106,	0,	0.096,	0,	0,	0,	180,	180,	180,	0,	1,	1,	300833b2ddd9014000000000,	epc,	3000,	39bb,	C4:7D:CC:73:CC:B2,	FX750073CCB2,	1752085744.631,	SIMPLE,	29.2,	29.2,	Belt0001,	Container_Water,	,	,	
63,	291270,	-59,	21.5558338165283,	867.5,	0,	1.106,	0,	0.096,	0,	0,	0,	180,	180,	180,	0,	2,	1,	000233b2ddd9014000000000,	epc,	3000,	6276,	C4:7D:CC:73:CC:B2,	FX750073CCB2,	1752085744.642,	SIMPLE,	29.2,	29.2,	Belt0001,	Container_Water,	,	,	
63,	291271,	-66,	40.3650016784668,	867.5,	0,	1.106,	0,	0.096,	0,	0,	0,	180,	180,	180,	0,	2,	1,	300833b2ddd9014000000000,	epc,	3000,	39bb,	C4:7D:CC:73:CC:B2,	FX750073CCB2,	1752085744.644,	SIMPLE,	29.2,	29.2,	Belt0001,	Container_Water,	,	,	
63,	291272,	-63,	43.1171607971191,	867.5,	0,	1.106,	0,	0.096,	0,	0,	0,	180,	180,	180,	0,	1,	1,	000233b2ddd9014000000000,	epc,	3000,	6276,	C4:7D:CC:73:CC:B2,	FX750073CCB2,	1752085744.653,	SIMPLE,	29.2,	29.2,	Belt0001,	Container_Water,	,	,	
63,	291273,	-63,	-174.363845825195,	867.5,	0,	1.106,	0,	0.096,	0,	0,	0,	180,	180,	180,	0,	1,	1,	300833b2ddd9014000000000,	epc,	3000,	39bb,	C4:7D:CC:73:CC:B2,	FX750073CCB2,	1752085744.655,	SIMPLE,	29.2,	29.2,	Belt0001,	Container_Water,	,	,	
63,	291274,	-59,	18.0950355529785,	867.5,	0,	1.106,	0,	0.096,	0,	0,	0,	180,	180,	180,	0,	2,	1,	000233b2ddd9014000000000,	epc,	3000,	6276,	C4:7D:CC:73:CC:B2,	FX750073CCB2,	1752085744.665,	SIMPLE,	29.2,	29.2,	Belt0001,	Container_Water,	,	,	
63,	291275,	-67,	44.5289459228516,	867.5,	0,	1.106,	0,	0.096,	0,	0,	0,	180,	180,	180,	0,	2,	1,	300833b2ddd9014000000000,	epc,	3000,	39bb,	C4:7D:CC:73:CC:B2,	FX750073CCB2,	1752085744.704,	SIMPLE,	29.2,	29.2,	Belt0001,	Container_Water,	,	,	
63,	291276,	-63,	50.5716133117676,	867.5,	0,	1.106,	0,	0.096,	0,	0,	0,	180,	180,	180,	0,	1,	1,	000233b2ddd9014000000000,	epc,	3000,	6276,	C4:7D:CC:73:CC:B2,	FX750073CCB2,	1752085744.719,	SIMPLE,	29.2,	29.2,	Belt0001,	Container_Water,	,	,	
63,	291277,	-63,	-172.594985961914,	867.5,	0,	1.106,	0,	0.096,	0,	0,	0,	180,	180,	180,	0,	1,	1,	300833b2ddd9014000000000,	epc,	3000,	39bb,	C4:7D:CC:73:CC:B2,	FX750073CCB2,	1752085744.722,	SIMPLE,	29.2,	29.2,	Belt0001,	Container_Water,	,	,	
63,	291278,	-59,	19.4134349822998,	867.5,	0,	1.106,	0,	0.096,	0,	0,	0,	180,	180,	180,	0,	2,	1,	000233b2ddd9014000000000,	epc,	3000,	6276,	C4:7D:CC:73:CC:B2,	FX750073CCB2,	1752085744.731,	SIMPLE,	29.2,	29.2,	Belt0001,	Container_Water,	,	,	
63,	291279,	-66,	39.6288948059082,	867.5,	0,	1.106,	0,	0.096,	0,	0,	0,	180,	180,	180,	0,	2,	1,	300833b2ddd9014000000000,	epc,	3000,	39bb,	C4:7D:CC:73:CC:B2,	FX750073CCB2,	1752085744.747,	SIMPLE,	29.2,	29.2,	Belt0001,	Container_Water,	,	,	
63,	291280,	-63,	46.3087844848633,	867.5,	0,	1.106,	0,	0.096,	0,	0,	0,	180,	180,	180,	0,	1,	1,	000233b2ddd9014000000000,	epc,	3000,	6276,	C4:7D:CC:73:CC:B2,	FX750073CCB2,	1752085744.756,	SIMPLE,	29.2,	29.2,	Belt0001,	Container_Water,	,	,	
63,	291281,	-63,	-173.072906494141,	867.5,	0,	1.106,	0,	0.096,	0,	0,	0,	180,	180,	180,	0,	1,	1,	300833b2ddd9014000000000,	epc,	3000,	39bb,	C4:7D:CC:73:CC:B2,	FX750073CCB2,	1752085744.758,	SIMPLE,	29.2,	29.2,	Belt0001,	Container_Water,	,	,	
63,	291282,	-59,	20.2044734954834,	867.5,	0,	1.106,	0,	0.096,	0,	0,	0,	180,	180,	180,	0,	2,	1,	000233b2ddd9014000000000,	epc,	3000,	6276,	C4:7D:CC:73:CC:B2,	FX750073CCB2,	1752085744.767,	SIMPLE,	29.2,	29.2,	Belt0001,	Container_Water,	,	,	
63,	291283,	-63,	44.0015869140625,	867.5,	0,	1.106,	0,	0.096,	0,	0,	0,	180,	180,	180,	0,	1,	1,	000233b2ddd9014000000000,	epc,	3000,	6276,	C4:7D:CC:73:CC:B2,	FX750073CCB2,	1752085744.809,	SIMPLE,	29.2,	29.2,	Belt0001,	Container_Water,	,	,	
63,	291284,	-63,	-174.633010864258,	867.5,	0,	1.106,	0,	0.096,	0,	0,	0,	180,	180,	180,	0,	1,	1,	300833b2ddd9014000000000,	epc,	3000,	39bb,	C4:7D:CC:73:CC:B2,	FX750073CCB2,	1752085744.811,	SIMPLE,	29.2,	29.2,	Belt0001,	Container_Water,	,	,	
63,	291285,	-59,	20.9680461883545,	867.5,	0,	1.106,	0,	0.096,	0,	0,	0,	180,	180,	180,	0,	2,	1,	000233b2ddd9014000000000,	epc,	3000,	6276,	C4:7D:CC:73:CC:B2,	FX750073CCB2,	1752085744.82,	SIMPLE,	29.2,	29.2,	Belt0001,	Container_Water,	,	,	
63,	291286,	-67,	36.5141754150391,	867.5,	0,	1.106,	0,	0.096,	0,	0,	0,	180,	180,	180,	0,	2,	1,	300833b2ddd9014000000000,	epc,	3000,	39bb,	C4:7D:CC:73:CC:B2,	FX750073CCB2,	1752085744.864,	SIMPLE,	29.2,	29.2,	Belt0001,	Container_Water,	,	,	
63,	291287,	-63,	-172.836700439453,	867.5,	0,	1.106,	0,	0.096,	0,	0,	0,	180,	180,	180,	0,	1,	1,	300833b2ddd9014000000000,	epc,	3000,	39bb,	C4:7D:CC:73:CC:B2,	FX750073CCB2,	1752085744.873,	SIMPLE,	29.2,	29.2,	Belt0001,	Container_Water,	,	,	
63,	291288,	-63,	51.736198425293,	867.5,	0,	1.106,	0,	0.096,	0,	0,	0,	180,	180,	180,	0,	1,	1,	000233b2ddd9014000000000,	epc,	3000,	6276,	C4:7D:CC:73:CC:B2,	FX750073CCB2,	1752085744.876,	SIMPLE,	29.2,	29.2,	Belt0001,	Container_Water,	,	,	
63,	291289,	-59,	19.0563678741455,	867.5,	0,	1.106,	0,	0.096,	0,	0,	0,	180,	180,	180,	0,	2,	1,	000233b2ddd9014000000000,	epc,	3000,	6276,	C4:7D:CC:73:CC:B2,	FX750073CCB2,	1752085744.885,	SIMPLE,	29.2,	29.2,	Belt0001,	Container_Water,	,	,	
63,	291290,	-66,	40.5078277587891,	867.5,	0,	1.106,	0,	0.096,	0,	0,	0,	180,	180,	180,	0,	2,	1,	300833b2ddd9014000000000,	epc,	3000,	39bb,	C4:7D:CC:73:CC:B2,	FX750073CCB2,	1752085744.896,	SIMPLE,	29.2,	29.2,	Belt0001,	Container_Water,	,	,	
63,	291291,	-63,	45.6001472473145,	867.5,	0,	1.106,	0,	0.096,	0,	0,	0,	180,	180,	180,	0,	1,	1,	000233b2ddd9014000000000,	epc,	3000,	6276,	C4:7D:CC:73:CC:B2,	FX750073CCB2,	1752085744.913,	SIMPLE,	29.2,	29.2,	Belt0001,	Container_Water,	,	,	
63,	291292,	-63,	-173.46842956543,	867.5,	0,	1.106,	0,	0.096,	0,	0,	0,	180,	180,	180,	0,	1,	1,	300833b2ddd9014000000000,	epc,	3000,	39bb,	C4:7D:CC:73:CC:B2,	FX750073CCB2,	1752085744.916,	SIMPLE,	29.2,	29.2,	Belt0001,	Container_Water,	,	,	
63,	291293,	-59,	17.7929019927979,	867.5,	0,	1.106,	0,	0.096,	0,	0,	0,	180,	180,	180,	0,	2,	1,	000233b2ddd9014000000000,	epc,	3000,	6276,	C4:7D:CC:73:CC:B2,	FX750073CCB2,	1752085744.924,	SIMPLE,	29.2,	29.2,	Belt0001,	Container_Water,	,	,	
63,	291294,	-66,	37.9863891601562,	867.5,	0,	1.106,	0,	0.096,	0,	0,	0,	180,	180,	180,	0,	2,	1,	300833b2ddd9014000000000,	epc,	3000,	39bb,	C4:7D:CC:73:CC:B2,	FX750073CCB2,	1752085744.936,	SIMPLE,	29.2,	29.2,	Belt0001,	Container_Water,	,	,	
63,	291295,	-63,	55.4057426452637,	867.5,	0,	1.106,	0,	0.096,	0,	0,	0,	180,	180,	180,	0,	1,	1,	000233b2ddd9014000000000,	epc,	3000,	6276,	C4:7D:CC:73:CC:B2,	FX750073CCB2,	1752085744.944,	SIMPLE,	29.2,	29.2,	Belt0001,	Container_Water,	,	,	
63,	291296,	-63,	-175.023040771484,	867.5,	0,	1.106,	0,	0.096,	0,	0,	0,	180,	180,	180,	0,	1,	1,	300833b2ddd9014000000000,	epc,	3000,	39bb,	C4:7D:CC:73:CC:B2,	FX750073CCB2,	1752085744.947,	SIMPLE,	29.2,	29.2,	Belt0001,	Container_Water,	,	,	
63,	291297,	-59,	18.7322616577148,	867.5,	0,	1.106,	0,	0.096,	0,	0,	0,	180,	180,	180,	0,	2,	1,	000233b2ddd9014000000000,	epc,	3000,	6276,	C4:7D:CC:73:CC:B2,	FX750073CCB2,	1752085744.955,	SIMPLE,	29.2,	29.2,	Belt0001,	Container_Water,	,	,	
63,	291298,	-66,	39.3542289733887,	867.5,	0,	1.106,	0,	0.096,	0,	0,	0,	180,	180,	180,	0,	2,	1,	300833b2ddd9014000000000,	epc,	3000,	39bb,	C4:7D:CC:73:CC:B2,	FX750073CCB2,	1752085745.015,	SIMPLE,	29.2,	29.2,	Belt0001,	Container_Water,	,	,	
63,	291299,	-63,	45.4353446960449,	867.5,	0,	1.106,	0,	0.096,	0,	0,	0,	180,	180,	180,	0,	1,	1,	000233b2ddd9014000000000,	epc,	3000,	6276,	C4:7D:CC:73:CC:B2,	FX750073CCB2,	1752085745.024,	SIMPLE,	29.2,	29.2,	Belt0001,	Container_Water,	,	,	
63,	291300,	-63,	-173.166290283203,	867.5,	0,	1.106,	0,	0.096,	0,	0,	0,	180,	180,	180,	0,	1,	1,	300833b2ddd9014000000000,	epc,	3000,	39bb,	C4:7D:CC:73:CC:B2,	FX750073CCB2,	1752085745.027,	SIMPLE,	29.2,	29.2,	Belt0001,	Container_Water,	,	,	
63,	291301,	-59,	19.7979679107666,	867.5,	0,	1.106,	0,	0.096,	0,	0,	0,	180,	180,	180,	0,	2,	1,	000233b2ddd9014000000000,	epc,	3000,	6276,	C4:7D:CC:73:CC:B2,	FX750073CCB2,	1752085745.035,	SIMPLE,	29.2,	29.2,	Belt0001,	Container_Water,	,	,	
63,	291302,	-63,	46.1824378967285,	867.5,	0,	1.106,	0,	0.096,	0,	0,	0,	180,	180,	180,	0,	1,	1,	000233b2ddd9014000000000,	epc,	3000,	6276,	C4:7D:CC:73:CC:B2,	FX750073CCB2,	1752085745.046,	SIMPLE,	29.2,	29.2,	Belt0001,	Container_Water,	,	,	
63,	291303,	-63,	-174.698928833008,	867.5,	0,	1.106,	0,	0.096,	0,	0,	0,	180,	180,	180,	0,	1,	1,	300833b2ddd9014000000000,	epc,	3000,	39bb,	C4:7D:CC:73:CC:B2,	FX750073CCB2,	1752085745.048,	SIMPLE,	29.2,	29.2,	Belt0001,	Container_Water,	,	,	
63,	291304,	-59,	20.0067138671875,	867.5,	0,	1.106,	0,	0.096,	0,	0,	0,	180,	180,	180,	0,	2,	1,	000233b2ddd9014000000000,	epc,	3000,	6276,	C4:7D:CC:73:CC:B2,	FX750073CCB2,	1752085745.057,	SIMPLE,	29.2,	29.2,	Belt0001,	Container_Water,	,	,	
63,	291305,	-67,	42.5183868408203,	867.5,	0,	1.106,	0,	0.096,	0,	0,	0,	180,	180,	180,	0,	2,	1,	300833b2ddd9014000000000,	epc,	3000,	39bb,	C4:7D:CC:73:CC:B2,	FX750073CCB2,	1752085745.075,	SIMPLE,	29.2,	29.2,	Belt0001,	Container_Water,	,	,	
63,	291306,	-63,	-175.083465576172,	867.5,	0,	1.106,	0,	0.096,	0,	0,	0,	180,	180,	180,	0,	1,	1,	300833b2ddd9014000000000,	epc,	3000,	39bb,	C4:7D:CC:73:CC:B2,	FX750073CCB2,	1752085745.083,	SIMPLE,	29.2,	29.2,	Belt0001,	Container_Water,	,	,	
63,	291307,	-63,	47.5557708740234,	867.5,	0,	1.106,	0,	0.096,	0,	0,	0,	180,	180,	180,	0,	1,	1,	000233b2ddd9014000000000,	epc,	3000,	6276,	C4:7D:CC:73:CC:B2,	FX750073CCB2,	1752085745.086,	SIMPLE,	29.2,	29.2,	Belt0001,	Container_Water,	,	,	
63,	291308,	-59,	20.9845275878906,	867.5,	0,	1.106,	0,	0.096,	0,	0,	0,	180,	180,	180,	0,	2,	1,	000233b2ddd9014000000000,	epc,	3000,	6276,	C4:7D:CC:73:CC:B2,	FX750073CCB2,	1752085745.1,	SIMPLE,	29.2,	29.2,	Belt0001,	Container_Water,	,	,	
63,	291309,	-66,	40.6836128234863,	867.5,	0,	1.106,	0,	0.096,	0,	0,	0,	180,	180,	180,	0,	2,	1,	300833b2ddd9014000000000,	epc,	3000,	39bb,	C4:7D:CC:73:CC:B2,	FX750073CCB2,	1752085745.253,	SIMPLE,	29.2,	29.2,	Belt0001,	Container_Water,	,	,	
63,	291310,	-63,	-169.617599487305,	867.5,	0,	1.106,	0,	0.096,	0,	0,	0,	180,	180,	180,	0,	1,	1,	300833b2ddd9014000000000,	epc,	3000,	39bb,	C4:7D:CC:73:CC:B2,	FX750073CCB2,	1752085745.26,	SIMPLE,	29.2,	29.2,	Belt0001,	Container_Water,	,	,	
63,	291311,	-63,	49.8135299682617,	867.5,	0,	1.106,	0,	0.096,	0,	0,	0,	180,	180,	180,	0,	1,	1,	000233b2ddd9014000000000,	epc,	3000,	6276,	C4:7D:CC:73:CC:B2,	FX750073CCB2,	1752085745.263,	SIMPLE,	29.2,	29.2,	Belt0001,	Container_Water,	,	,	
63,	291312,	-59,	21.3031406402588,	867.5,	0,	1.106,	0,	0.096,	0,	0,	0,	180,	180,	180,	0,	2,	1,	000233b2ddd9014000000000,	epc,	3000,	6276,	C4:7D:CC:73:CC:B2,	FX750073CCB2,	1752085745.271,	SIMPLE,	29.2,	29.2,	Belt0001,	Container_Water,	,	,	
63,	291313,	-67,	39.1454811096191,	867.5,	0,	1.106,	0,	0.096,	0,	0,	0,	180,	180,	180,	0,	2,	1,	300833b2ddd9014000000000,	epc,	3000,	39bb,	C4:7D:CC:73:CC:B2,	FX750073CCB2,	1752085745.294,	SIMPLE,	29.2,	29.2,	Belt0001,	Container_Water,	,	,	
63,	291314,	-63,	-176.231567382812,	867.5,	0,	1.106,	0,	0.096,	0,	0,	0,	180,	180,	180,	0,	1,	1,	300833b2ddd9014000000000,	epc,	3000,	39bb,	C4:7D:CC:73:CC:B2,	FX750073CCB2,	1752085745.302,	SIMPLE,	29.2,	29.2,	Belt0001,	Container_Water,	,	,	
63,	291315,	-63,	46.3527336120605,	867.5,	0,	1.106,	0,	0.096,	0,	0,	0,	180,	180,	180,	0,	1,	1,	000233b2ddd9014000000000,	epc,	3000,	6276,	C4:7D:CC:73:CC:B2,	FX750073CCB2,	1752085745.305,	SIMPLE,	29.2,	29.2,	Belt0001,	Container_Water,	,	,	
63,	291316,	-59,	21.9788208007812,	867.5,	0,	1.106,	0,	0.096,	0,	0,	0,	180,	180,	180,	0,	2,	1,	000233b2ddd9014000000000,	epc,	3000,	6276,	C4:7D:CC:73:CC:B2,	FX750073CCB2,	1752085745.315,	SIMPLE,	29.2,	29.2,	Belt0001,	Container_Water,	,	,	
63,	291317,	-67,	32.7842025756836,	867.5,	0,	1.106,	0,	0.096,	0,	0,	0,	180,	180,	180,	0,	2,	1,	300833b2ddd9014000000000,	epc,	3000,	39bb,	C4:7D:CC:73:CC:B2,	FX750073CCB2,	1752085745.335,	SIMPLE,	29.2,	29.2,	Belt0001,	Container_Water,	,	,	
63,	291318,	-63,	45.4078788757324,	867.5,	0,	1.106,	0,	0.096,	0,	0,	0,	180,	180,	180,	0,	1,	1,	000233b2ddd9014000000000,	epc,	3000,	6276,	C4:7D:CC:73:CC:B2,	FX750073CCB2,	1752085745.344,	SIMPLE,	29.2,	29.2,	Belt0001,	Container_Water,	,	,	
63,	291319,	-63,	-173.188262939453,	867.5,	0,	1.106,	0,	0.096,	0,	0,	0,	180,	180,	180,	0,	1,	1,	300833b2ddd9014000000000,	epc,	3000,	39bb,	C4:7D:CC:73:CC:B2,	FX750073CCB2,	1752085745.347,	SIMPLE,	29.2,	29.2,	Belt0001,	Container_Water,	,	,	
63,	291320,	-59,	22.7643661499023,	867.5,	0,	1.106,	0,	0.096,	0,	0,	0,	180,	180,	180,	0,	2,	1,	000233b2ddd9014000000000,	epc,	3000,	6276,	C4:7D:CC:73:CC:B2,	FX750073CCB2,	1752085745.357,	SIMPLE,	29.2,	29.2,	Belt0001,	Container_Water,	,	,	
63,	291321,	-67,	42.6721992492676,	867.5,	0,	1.106,	0,	0.096,	0,	0,	0,	180,	180,	180,	0,	2,	1,	300833b2ddd9014000000000,	epc,	3000,	39bb,	C4:7D:CC:73:CC:B2,	FX750073CCB2,	1752085745.364,	SIMPLE,	29.2,	29.2,	Belt0001,	Container_Water,	,	,	
63,	291322,	-63,	44.8750267028809,	867.5,	0,	1.106,	0,	0.096,	0,	0,	0,	180,	180,	180,	0,	1,	1,	000233b2ddd9014000000000,	epc,	3000,	6276,	C4:7D:CC:73:CC:B2,	FX750073CCB2,	1752085745.376,	SIMPLE,	29.2,	29.2,	Belt0001,	Container_Water,	,	,	
63,	291323,	-63,	-170.842620849609,	867.5,	0,	1.106,	0,	0.096,	0,	0,	0,	180,	180,	180,	0,	1,	1,	300833b2ddd9014000000000,	epc,	3000,	39bb,	C4:7D:CC:73:CC:B2,	FX750073CCB2,	1752085745.386,	SIMPLE,	29.2,	29.2,	Belt0001,	Container_Water,	,	,	
63,	291324,	-59,	22.8632469177246,	867.5,	0,	1.106,	0,	0.096,	0,	0,	0,	180,	180,	180,	0,	2,	1,	000233b2ddd9014000000000,	epc,	3000,	6276,	C4:7D:CC:73:CC:B2,	FX750073CCB2,	1752085745.391,	SIMPLE,	29.2,	29.2,	Belt0001,	Container_Water,	,	,	
63,	291325,	-66,	39.788200378418,	867.5,	0,	1.106,	0,	0.096,	0,	0,	0,	180,	180,	180,	0,	2,	1,	300833b2ddd9014000000000,	epc,	3000,	39bb,	C4:7D:CC:73:CC:B2,	FX750073CCB2,	1752085745.406,	SIMPLE,	29.2,	29.2,	Belt0001,	Container_Water,	,	,	
63,	291326,	-63,	-172.364273071289,	867.5,	0,	1.106,	0,	0.096,	0,	0,	0,	180,	180,	180,	0,	1,	1,	300833b2ddd9014000000000,	epc,	3000,	39bb,	C4:7D:CC:73:CC:B2,	FX750073CCB2,	1752085745.418,	SIMPLE,	29.2,	29.2,	Belt0001,	Container_Water,	,	,	
63,	291327,	-63,	52.3734245300293,	867.5,	0,	1.106,	0,	0.096,	0,	0,	0,	180,	180,	180,	0,	1,	1,	000233b2ddd9014000000000,	epc,	3000,	6276,	C4:7D:CC:73:CC:B2,	FX750073CCB2,	1752085745.42,	SIMPLE,	29.2,	29.2,	Belt0001,	Container_Water,	,	,	
63,	291328,	-59,	19.6331672668457,	867.5,	0,	1.106,	0,	0.096,	0,	0,	0,	180,	180,	180,	0,	2,	1,	000233b2ddd9014000000000,	epc,	3000,	6276,	C4:7D:CC:73:CC:B2,	FX750073CCB2,	1752085745.428,	SIMPLE,	29.2,	29.2,	Belt0001,	Container_Water,	,	,	
63,	291329,	-67,	42.2052688598633,	867.5,	0,	1.106,	0,	0.096,	0,	0,	0,	180,	180,	180,	0,	2,	1,	300833b2ddd9014000000000,	epc,	3000,	39bb,	C4:7D:CC:73:CC:B2,	FX750073CCB2,	1752085745.623,	SIMPLE,	29.2,	29.2,	Belt0001,	Container_Water,	,	,	
63,	291330,	-63,	51.6483039855957,	867.5,	0,	1.106,	0,	0.096,	0,	0,	0,	180,	180,	180,	0,	1,	1,	000233b2ddd9014000000000,	epc,	3000,	6276,	C4:7D:CC:73:CC:B2,	FX750073CCB2,	1752085745.633,	SIMPLE,	29.2,	29.2,	Belt0001,	Container_Water,	,	,	
63,	291331,	-63,	-173.660690307617,	867.5,	0,	1.106,	0,	0.096,	0,	0,	0,	180,	180,	180,	0,	1,	1,	300833b2ddd9014000000000,	epc,	3000,	39bb,	C4:7D:CC:73:CC:B2,	FX750073CCB2,	1752085745.635,	SIMPLE,	29.2,	29.2,	Belt0001,	Container_Water,	,	,	
63,	291332,	-59,	19.8364200592041,	867.5,	0,	1.106,	0,	0.096,	0,	0,	0,	180,	180,	180,	0,	2,	1,	000233b2ddd9014000000000,	epc,	3000,	6276,	C4:7D:CC:73:CC:B2,	FX750073CCB2,	1752085745.645,	SIMPLE,	29.2,	29.2,	Belt0001,	Container_Water,	,	,	
63,	291333,	-67,	41.6888961791992,	867.5,	0,	1.106,	0,	0.096,	0,	0,	0,	180,	180,	180,	0,	2,	1,	300833b2ddd9014000000000,	epc,	3000,	39bb,	C4:7D:CC:73:CC:B2,	FX750073CCB2,	1752085745.655,	SIMPLE,	29.2,	29.2,	Belt0001,	Container_Water,	,	,	
63,	291334,	-63,	44.3971061706543,	867.5,	0,	1.106,	0,	0.096,	0,	0,	0,	180,	180,	180,	0,	1,	1,	000233b2ddd9014000000000,	epc,	3000,	6276,	C4:7D:CC:73:CC:B2,	FX750073CCB2,	1752085745.665,	SIMPLE,	29.2,	29.2,	Belt0001,	Container_Water,	,	,	
63,	291335,	-63,	-174.26496887207,	867.5,	0,	1.106,	0,	0.096,	0,	0,	0,	180,	180,	180,	0,	1,	1,	300833b2ddd9014000000000,	epc,	3000,	39bb,	C4:7D:CC:73:CC:B2,	FX750073CCB2,	1752085745.667,	SIMPLE,	29.2,	29.2,	Belt0001,	Container_Water,	,	,	
63,	291336,	-59,	19.6496467590332,	867.5,	0,	1.106,	0,	0.096,	0,	0,	0,	180,	180,	180,	0,	2,	1,	000233b2ddd9014000000000,	epc,	3000,	6276,	C4:7D:CC:73:CC:B2,	FX750073CCB2,	1752085745.676,	SIMPLE,	29.2,	29.2,	Belt0001,	Container_Water,	,	,	
63,	291337,	-66,	37.1129493713379,	867.5,	0,	1.106,	0,	0.096,	0,	0,	0,	180,	180,	180,	0,	2,	1,	300833b2ddd9014000000000,	epc,	3000,	39bb,	C4:7D:CC:73:CC:B2,	FX750073CCB2,	1752085745.684,	SIMPLE,	29.2,	29.2,	Belt0001,	Container_Water,	,	,	
63,	291338,	-63,	48.9565734863281,	867.5,	0,	1.106,	0,	0.096,	0,	0,	0,	180,	180,	180,	0,	1,	1,	000233b2ddd9014000000000,	epc,	3000,	6276,	C4:7D:CC:73:CC:B2,	FX750073CCB2,	1752085745.692,	SIMPLE,	29.2,	29.2,	Belt0001,	Container_Water,	,	,	
63,	291339,	-63,	-173.111358642578,	867.5,	0,	1.106,	0,	0.096,	0,	0,	0,	180,	180,	180,	0,	1,	1,	300833b2ddd9014000000000,	epc,	3000,	39bb,	C4:7D:CC:73:CC:B2,	FX750073CCB2,	1752085745.694,	SIMPLE,	29.2,	29.2,	Belt0001,	Container_Water,	,	,	
63,	291340,	-59,	19.2815933227539,	867.5,	0,	1.106,	0,	0.096,	0,	0,	0,	180,	180,	180,	0,	2,	1,	000233b2ddd9014000000000,	epc,	3000,	6276,	C4:7D:CC:73:CC:B2,	FX750073CCB2,	1752085745.702,	SIMPLE,	29.2,	29.2,	Belt0001,	Container_Water,	,	,	
63,	291341,	-63,	51.7416915893555,	867.5,	0,	1.106,	0,	0.096,	0,	0,	0,	180,	180,	180,	0,	1,	1,	000233b2ddd9014000000000,	epc,	3000,	6276,	C4:7D:CC:73:CC:B2,	FX750073CCB2,	1752085745.72,	SIMPLE,	29.2,	29.2,	Belt0001,	Container_Water,	,	,	
63,	291342,	-63,	-176.682022094727,	867.5,	0,	1.106,	0,	0.096,	0,	0,	0,	180,	180,	180,	0,	1,	1,	300833b2ddd9014000000000,	epc,	3000,	39bb,	C4:7D:CC:73:CC:B2,	FX750073CCB2,	1752085745.723,	SIMPLE,	29.2,	29.2,	Belt0001,	Container_Water,	,	,	
63,	291343,	-59,	18.391674041748,	867.5,	0,	1.106,	0,	0.096,	0,	0,	0,	180,	180,	180,	0,	2,	1,	000233b2ddd9014000000000,	epc,	3000,	6276,	C4:7D:CC:73:CC:B2,	FX750073CCB2,	1752085745.731,	SIMPLE,	29.2,	29.2,	Belt0001,	Container_Water,	,	,	
63,	291344,	-66,	44.3366813659668,	867.5,	0,	1.106,	0,	0.096,	0,	0,	0,	180,	180,	180,	0,	2,	1,	300833b2ddd9014000000000,	epc,	3000,	39bb,	C4:7D:CC:73:CC:B2,	FX750073CCB2,	1752085745.756,	SIMPLE,	29.2,	29.2,	Belt0001,	Container_Water,	,	,	
63,	291345,	-63,	-173.53434753418,	867.5,	0,	1.106,	0,	0.096,	0,	0,	0,	180,	180,	180,	0,	1,	1,	300833b2ddd9014000000000,	epc,	3000,	39bb,	C4:7D:CC:73:CC:B2,	FX750073CCB2,	1752085745.764,	SIMPLE,	29.2,	29.2,	Belt0001,	Container_Water,	,	,	
63,	291346,	-63,	48.1435585021973,	867.5,	0,	1.106,	0,	0.096,	0,	0,	0,	180,	180,	180,	0,	1,	1,	000233b2ddd9014000000000,	epc,	3000,	6276,	C4:7D:CC:73:CC:B2,	FX750073CCB2,	1752085745.766,	SIMPLE,	29.2,	29.2,	Belt0001,	Container_Water,	,	,	
63,	291347,	-59,	19.2156734466553,	867.5,	0,	1.106,	0,	0.096,	0,	0,	0,	180,	180,	180,	0,	2,	1,	000233b2ddd9014000000000,	epc,	3000,	6276,	C4:7D:CC:73:CC:B2,	FX750073CCB2,	1752085745.775,	SIMPLE,	29.2,	29.2,	Belt0001,	Container_Water,	,	,	
63,	291348,	-66,	42.0679359436035,	867.5,	0,	1.106,	0,	0.096,	0,	0,	0,	180,	180,	180,	0,	2,	1,	300833b2ddd9014000000000,	epc,	3000,	39bb,	C4:7D:CC:73:CC:B2,	FX750073CCB2,	1752085745.796,	SIMPLE,	29.2,	29.2,	Belt0001,	Container_Water,	,	,	
63,	291349,	-59,	19.6331672668457,	867.5,	0,	1.106,	0,	0.096,	0,	0,	0,	180,	180,	180,	0,	2,	1,	000233b2ddd9014000000000,	epc,	3000,	6276,	C4:7D:CC:73:CC:B2,	FX750073CCB2,	1752085745.812,	SIMPLE,	29.2,	29.2,	Belt0001,	Container_Water,	,	,	
63,	291350,	-67,	41.1560401916504,	867.5,	0,	1.106,	0,	0.096,	0,	0,	0,	180,	180,	180,	0,	2,	1,	300833b2ddd9014000000000,	epc,	3000,	39bb,	C4:7D:CC:73:CC:B2,	FX750073CCB2,	1752085745.842,	SIMPLE,	29.2,	29.2,	Belt0001,	Container_Water,	,	,	
63,	291351,	-63,	50.071720123291,	867.5,	0,	1.106,	0,	0.096,	0,	0,	0,	180,	180,	180,	0,	1,	1,	000233b2ddd9014000000000,	epc,	3000,	6276,	C4:7D:CC:73:CC:B2,	FX750073CCB2,	1752085745.853,	SIMPLE,	29.2,	29.2,	Belt0001,	Container_Water,	,	,	
63,	291352,	-64,	-173.572799682617,	867.5,	0,	1.106,	0,	0.096,	0,	0,	0,	180,	180,	180,	0,	1,	1,	300833b2ddd9014000000000,	epc,	3000,	39bb,	C4:7D:CC:73:CC:B2,	FX750073CCB2,	1752085745.856,	SIMPLE,	29.2,	29.2,	Belt0001,	Container_Water,	,	,	
63,	291353,	-59,	21.3965263366699,	867.5,	0,	1.106,	0,	0.096,	0,	0,	0,	180,	180,	180,	0,	2,	1,	000233b2ddd9014000000000,	epc,	3000,	6276,	C4:7D:CC:73:CC:B2,	FX750073CCB2,	1752085745.867,	SIMPLE,	29.2,	29.2,	Belt0001,	Container_Water,	,	,	
63,	291354,	-66,	42.139347076416,	867.5,	0,	1.106,	0,	0.096,	0,	0,	0,	180,	180,	180,	0,	2,	1,	300833b2ddd9014000000000,	epc,	3000,	39bb,	C4:7D:CC:73:CC:B2,	FX750073CCB2,	1752085745.871,	SIMPLE,	29.2,	29.2,	Belt0001,	Container_Water,	,	,	
63,	291355,	-63,	49.8025436401367,	867.5,	0,	1.106,	0,	0.096,	0,	0,	0,	180,	180,	180,	0,	1,	1,	000233b2ddd9014000000000,	epc,	3000,	6276,	C4:7D:CC:73:CC:B2,	FX750073CCB2,	1752085745.884,	SIMPLE,	29.2,	29.2,	Belt0001,	Container_Water,	,	,	
63,	291356,	-63,	-174.341873168945,	867.5,	0,	1.106,	0,	0.096,	0,	0,	0,	180,	180,	180,	0,	1,	1,	300833b2ddd9014000000000,	epc,	3000,	39bb,	C4:7D:CC:73:CC:B2,	FX750073CCB2,	1752085745.886,	SIMPLE,	29.2,	29.2,	Belt0001,	Container_Water,	,	,	
63,	291357,	-59,	20.0671405792236,	867.5,	0,	1.106,	0,	0.096,	0,	0,	0,	180,	180,	180,	0,	2,	1,	000233b2ddd9014000000000,	epc,	3000,	6276,	C4:7D:CC:73:CC:B2,	FX750073CCB2,	1752085745.894,	SIMPLE,	29.2,	29.2,	Belt0001,	Container_Water,	,	,	
63,	291358,	-66,	39.0960426330566,	867.5,	0,	1.106,	0,	0.096,	0,	0,	0,	180,	180,	180,	0,	2,	1,	300833b2ddd9014000000000,	epc,	3000,	39bb,	C4:7D:CC:73:CC:B2,	FX750073CCB2,	1752085745.913,	SIMPLE,	29.2,	29.2,	Belt0001,	Container_Water,	,	,	
63,	291359,	-63,	51.4065971374512,	867.5,	0,	1.106,	0,	0.096,	0,	0,	0,	180,	180,	180,	0,	1,	1,	000233b2ddd9014000000000,	epc,	3000,	6276,	C4:7D:CC:73:CC:B2,	FX750073CCB2,	1752085745.924,	SIMPLE,	29.2,	29.2,	Belt0001,	Container_Water,	,	,	
63,	291360,	-63,	-173.056427001953,	867.5,	0,	1.106,	0,	0.096,	0,	0,	0,	180,	180,	180,	0,	1,	1,	300833b2ddd9014000000000,	epc,	3000,	39bb,	C4:7D:CC:73:CC:B2,	FX750073CCB2,	1752085745.926,	SIMPLE,	29.2,	29.2,	Belt0001,	Container_Water,	,	,	
63,	291361,	-59,	20.4132213592529,	867.5,	0,	1.106,	0,	0.096,	0,	0,	0,	180,	180,	180,	0,	2,	1,	000233b2ddd9014000000000,	epc,	3000,	6276,	C4:7D:CC:73:CC:B2,	FX750073CCB2,	1752085745.935,	SIMPLE,	29.2,	29.2,	Belt0001,	Container_Water,	,	,	
63,	291362,	-67,	40.7550277709961,	867.5,	0,	1.106,	0,	0.096,	0,	0,	0,	180,	180,	180,	0,	2,	1,	300833b2ddd9014000000000,	epc,	3000,	39bb,	C4:7D:CC:73:CC:B2,	FX750073CCB2,	1752085745.945,	SIMPLE,	29.2,	29.2,	Belt0001,	Container_Water,	,	,	
63,	291363,	-63,	-176.434829711914,	867.5,	0,	1.106,	0,	0.096,	0,	0,	0,	180,	180,	180,	0,	1,	1,	300833b2ddd9014000000000,	epc,	3000,	39bb,	C4:7D:CC:73:CC:B2,	FX750073CCB2,	1752085745.957,	SIMPLE,	29.2,	29.2,	Belt0001,	Container_Water,	,	,	
63,	291364,	-63,	46.3417472839355,	867.5,	0,	1.106,	0,	0.096,	0,	0,	0,	180,	180,	180,	0,	1,	1,	000233b2ddd9014000000000,	epc,	3000,	6276,	C4:7D:CC:73:CC:B2,	FX750073CCB2,	1752085745.959,	SIMPLE,	29.2,	29.2,	Belt0001,	Container_Water,	,	,	
63,	291365,	-59,	19.4848480224609,	867.5,	0,	1.106,	0,	0.096,	0,	0,	0,	180,	180,	180,	0,	2,	1,	000233b2ddd9014000000000,	epc,	3000,	6276,	C4:7D:CC:73:CC:B2,	FX750073CCB2,	1752085745.968,	SIMPLE,	29.2,	29.2,	Belt0001,	Container_Water,	,	,	
63,	291366,	-67,	35.6791877746582,	867.5,	0,	1.106,	0,	0.096,	0,	0,	0,	180,	180,	180,	0,	2,	1,	300833b2ddd9014000000000,	epc,	3000,	39bb,	C4:7D:CC:73:CC:B2,	FX750073CCB2,	1752085746.007,	SIMPLE,	29.2,	29.2,	Belt0001,	Container_Water,	,	,	
63,	291367,	-63,	51.1539039611816,	867.5,	0,	1.106,	0,	0.096,	0,	0,	0,	180,	180,	180,	0,	1,	1,	000233b2ddd9014000000000,	epc,	3000,	6276,	C4:7D:CC:73:CC:B2,	FX750073CCB2,	1752085746.019,	SIMPLE,	29.2,	29.2,	Belt0001,	Container_Water,	,	,	
63,	291368,	-63,	-173.935363769531,	867.5,	0,	1.106,	0,	0.096,	0,	0,	0,	180,	180,	180,	0,	1,	1,	300833b2ddd9014000000000,	epc,	3000,	39bb,	C4:7D:CC:73:CC:B2,	FX750073CCB2,	1752085746.025,	SIMPLE,	29.2,	29.2,	Belt0001,	Container_Water,	,	,	
63,	291369,	-59,	22.8357791900635,	867.5,	0,	1.106,	0,	0.096,	0,	0,	0,	180,	180,	180,	0,	2,	1,	000233b2ddd9014000000000,	epc,	3000,	6276,	C4:7D:CC:73:CC:B2,	FX750073CCB2,	1752085746.037,	SIMPLE,	29.2,	29.2,	Belt0001,	Container_Water,	,	,	
63,	291370,	-63,	-172.523574829102,	867.5,	0,	1.106,	0,	0.096,	0,	0,	0,	180,	180,	180,	0,	1,	1,	300833b2ddd9014000000000,	epc,	3000,	39bb,	C4:7D:CC:73:CC:B2,	FX750073CCB2,	1752085746.085,	SIMPLE,	29.2,	29.2,	Belt0001,	Container_Water,	,	,	
63,	291371,	-63,	48.7533187866211,	867.5,	0,	1.106,	0,	0.096,	0,	0,	0,	180,	180,	180,	0,	1,	1,	000233b2ddd9014000000000,	epc,	3000,	6276,	C4:7D:CC:73:CC:B2,	FX750073CCB2,	1752085746.087,	SIMPLE,	29.2,	29.2,	Belt0001,	Container_Water,	,	,	
63,	291372,	-59,	18.792688369751,	867.5,	0,	1.106,	0,	0.096,	0,	0,	0,	180,	180,	180,	0,	2,	1,	000233b2ddd9014000000000,	epc,	3000,	6276,	C4:7D:CC:73:CC:B2,	FX750073CCB2,	1752085746.096,	SIMPLE,	29.2,	29.2,	Belt0001,	Container_Water,	,	,	
63,	291373,	-66,	41.7932662963867,	867.5,	0,	1.106,	0,	0.096,	0,	0,	0,	180,	180,	180,	0,	2,	1,	300833b2ddd9014000000000,	epc,	3000,	39bb,	C4:7D:CC:73:CC:B2,	FX750073CCB2,	1752085746.208,	SIMPLE,	29.2,	29.2,	Belt0001,	Container_Water,	,	,	
63,	291374,	-63,	-172.573013305664,	867.5,	0,	1.106,	0,	0.096,	0,	0,	0,	180,	180,	180,	0,	1,	1,	300833b2ddd9014000000000,	epc,	3000,	39bb,	C4:7D:CC:73:CC:B2,	FX750073CCB2,	1752085746.216,	SIMPLE,	29.2,	29.2,	Belt0001,	Container_Water,	,	,	
63,	291375,	-63,	50.2310256958008,	867.5,	0,	1.106,	0,	0.096,	0,	0,	0,	180,	180,	180,	0,	1,	1,	000233b2ddd9014000000000,	epc,	3000,	6276,	C4:7D:CC:73:CC:B2,	FX750073CCB2,	1752085746.219,	SIMPLE,	29.2,	29.2,	Belt0001,	Container_Water,	,	,	
63,	291376,	-59,	18.3257541656494,	867.5,	0,	1.106,	0,	0.096,	0,	0,	0,	180,	180,	180,	0,	2,	1,	000233b2ddd9014000000000,	epc,	3000,	6276,	C4:7D:CC:73:CC:B2,	FX750073CCB2,	1752085746.228,	SIMPLE,	29.2,	29.2,	Belt0001,	Container_Water,	,	,	
63,	291377,	-66,	39.5739631652832,	867.5,	0,	1.106,	0,	0.096,	0,	0,	0,	180,	180,	180,	0,	2,	1,	300833b2ddd9014000000000,	epc,	3000,	39bb,	C4:7D:CC:73:CC:B2,	FX750073CCB2,	1752085746.242,	SIMPLE,	29.2,	29.2,	Belt0001,	Container_Water,	,	,	
63,	291378,	-63,	-174.50666809082,	867.5,	0,	1.106,	0,	0.096,	0,	0,	0,	180,	180,	180,	0,	1,	1,	300833b2ddd9014000000000,	epc,	3000,	39bb,	C4:7D:CC:73:CC:B2,	FX750073CCB2,	1752085746.25,	SIMPLE,	29.2,	29.2,	Belt0001,	Container_Water,	,	,	
63,	291379,	-63,	45.7045211791992,	867.5,	0,	1.106,	0,	0.096,	0,	0,	0,	180,	180,	180,	0,	1,	1,	000233b2ddd9014000000000,	epc,	3000,	6276,	C4:7D:CC:73:CC:B2,	FX750073CCB2,	1752085746.253,	SIMPLE,	29.2,	29.2,	Belt0001,	Container_Water,	,	,	
63,	291380,	-59,	19.5562610626221,	867.5,	0,	1.106,	0,	0.096,	0,	0,	0,	180,	180,	180,	0,	2,	1,	000233b2ddd9014000000000,	epc,	3000,	6276,	C4:7D:CC:73:CC:B2,	FX750073CCB2,	1752085746.261,	SIMPLE,	29.2,	29.2,	Belt0001,	Container_Water,	,	,	
63,	291381,	-66,	41.7987594604492,	867.5,	0,	1.106,	0,	0.096,	0,	0,	0,	180,	180,	180,	0,	2,	1,	300833b2ddd9014000000000,	epc,	3000,	39bb,	C4:7D:CC:73:CC:B2,	FX750073CCB2,	1752085746.274,	SIMPLE,	29.2,	29.2,	Belt0001,	Container_Water,	,	,	
63,	291382,	-63,	52.5986518859863,	867.5,	0,	1.106,	0,	0.096,	0,	0,	0,	180,	180,	180,	0,	1,	1,	000233b2ddd9014000000000,	epc,	3000,	6276,	C4:7D:CC:73:CC:B2,	FX750073CCB2,	1752085746.284,	SIMPLE,	29.2,	29.2,	Belt0001,	Container_Water,	,	,	
63,	291383,	-63,	-174.292434692383,	867.5,	0,	1.106,	0,	0.096,	0,	0,	0,	180,	180,	180,	0,	1,	1,	300833b2ddd9014000000000,	epc,	3000,	39bb,	C4:7D:CC:73:CC:B2,	FX750073CCB2,	1752085746.287,	SIMPLE,	29.2,	29.2,	Belt0001,	Container_Water,	,	,	
63,	291384,	-67,	42.6941757202148,	867.5,	0,	1.106,	0,	0.096,	0,	0,	0,	180,	180,	180,	0,	2,	1,	300833b2ddd9014000000000,	epc,	3000,	39bb,	C4:7D:CC:73:CC:B2,	FX750073CCB2,	1752085746.295,	SIMPLE,	29.2,	29.2,	Belt0001,	Container_Water,	,	,	
63,	291385,	-59,	22.1655941009521,	867.5,	0,	1.106,	0,	0.096,	0,	0,	0,	180,	180,	180,	0,	2,	1,	000233b2ddd9014000000000,	epc,	3000,	6276,	C4:7D:CC:73:CC:B2,	FX750073CCB2,	1752085746.299,	SIMPLE,	29.2,	29.2,	Belt0001,	Container_Water,	,	,	
63,	291386,	-63,	52.263557434082,	867.5,	0,	1.106,	0,	0.096,	0,	0,	0,	180,	180,	180,	0,	1,	1,	000233b2ddd9014000000000,	epc,	3000,	6276,	C4:7D:CC:73:CC:B2,	FX750073CCB2,	1752085746.309,	SIMPLE,	29.2,	29.2,	Belt0001,	Container_Water,	,	,	
63,	291387,	-63,	-176.517227172852,	867.5,	0,	1.106,	0,	0.096,	0,	0,	0,	180,	180,	180,	0,	1,	1,	300833b2ddd9014000000000,	epc,	3000,	39bb,	C4:7D:CC:73:CC:B2,	FX750073CCB2,	1752085746.316,	SIMPLE,	29.2,	29.2,	Belt0001,	Container_Water,	,	,	
63,	291388,	-59,	21.2811660766602,	867.5,	0,	1.106,	0,	0.096,	0,	0,	0,	180,	180,	180,	0,	2,	1,	000233b2ddd9014000000000,	epc,	3000,	6276,	C4:7D:CC:73:CC:B2,	FX750073CCB2,	1752085746.324,	SIMPLE,	29.2,	29.2,	Belt0001,	Container_Water,	,	,	
63,	291389,	-63,	-175.209808349609,	867.5,	0,	1.106,	0,	0.096,	0,	0,	0,	180,	180,	180,	0,	1,	1,	300833b2ddd9014000000000,	epc,	3000,	39bb,	C4:7D:CC:73:CC:B2,	FX750073CCB2,	1752085746.375,	SIMPLE,	29.2,	29.2,	Belt0001,	Container_Water,	,	,	
63,	291390,	-63,	47.5777473449707,	867.5,	0,	1.106,	0,	0.096,	0,	0,	0,	180,	180,	180,	0,	1,	1,	000233b2ddd9014000000000,	epc,	3000,	6276,	C4:7D:CC:73:CC:B2,	FX750073CCB2,	1752085746.378,	SIMPLE,	29.2,	29.2,	Belt0001,	Container_Water,	,	,	
63,	291391,	-59,	18.6938076019287,	867.5,	0,	1.106,	0,	0.096,	0,	0,	0,	180,	180,	180,	0,	2,	1,	000233b2ddd9014000000000,	epc,	3000,	6276,	C4:7D:CC:73:CC:B2,	FX750073CCB2,	1752085746.385,	SIMPLE,	29.2,	29.2,	Belt0001,	Container_Water,	,	,	
63,	291392,	-67,	39.2553482055664,	867.5,	0,	1.106,	0,	0.096,	0,	0,	0,	180,	180,	180,	0,	2,	1,	300833b2ddd9014000000000,	epc,	3000,	39bb,	C4:7D:CC:73:CC:B2,	FX750073CCB2,	1752085746.402,	SIMPLE,	29.2,	29.2,	Belt0001,	Container_Water,	,	,	
63,	291393,	-63,	50.5166778564453,	867.5,	0,	1.106,	0,	0.096,	0,	0,	0,	180,	180,	180,	0,	1,	1,	000233b2ddd9014000000000,	epc,	3000,	6276,	C4:7D:CC:73:CC:B2,	FX750073CCB2,	1752085746.41,	SIMPLE,	29.2,	29.2,	Belt0001,	Container_Water,	,	,	
63,	291394,	-63,	-176.423843383789,	867.5,	0,	1.106,	0,	0.096,	0,	0,	0,	180,	180,	180,	0,	1,	1,	300833b2ddd9014000000000,	epc,	3000,	39bb,	C4:7D:CC:73:CC:B2,	FX750073CCB2,	1752085746.413,	SIMPLE,	29.2,	29.2,	Belt0001,	Container_Water,	,	,	
63,	291395,	-59,	19.7265548706055,	867.5,	0,	1.106,	0,	0.096,	0,	0,	0,	180,	180,	180,	0,	2,	1,	000233b2ddd9014000000000,	epc,	3000,	6276,	C4:7D:CC:73:CC:B2,	FX750073CCB2,	1752085746.426,	SIMPLE,	29.2,	29.2,	Belt0001,	Container_Water,	,	,	
63,	291396,	-66,	45.2320938110352,	867.5,	0,	1.106,	0,	0.096,	0,	0,	0,	180,	180,	180,	0,	2,	1,	300833b2ddd9014000000000,	epc,	3000,	39bb,	C4:7D:CC:73:CC:B2,	FX750073CCB2,	1752085746.435,	SIMPLE,	29.2,	29.2,	Belt0001,	Container_Water,	,	,	
63,	291397,	-63,	51.0165710449219,	867.5,	0,	1.106,	0,	0.096,	0,	0,	0,	180,	180,	180,	0,	1,	1,	000233b2ddd9014000000000,	epc,	3000,	6276,	C4:7D:CC:73:CC:B2,	FX750073CCB2,	1752085746.443,	SIMPLE,	29.2,	29.2,	Belt0001,	Container_Water,	,	,	
63,	291398,	-63,	-176.610610961914,	867.5,	0,	1.106,	0,	0.096,	0,	0,	0,	180,	180,	180,	0,	1,	1,	300833b2ddd9014000000000,	epc,	3000,	39bb,	C4:7D:CC:73:CC:B2,	FX750073CCB2,	1752085746.446,	SIMPLE,	29.2,	29.2,	Belt0001,	Container_Water,	,	,	
63,	291399,	-59,	18.8531150817871,	867.5,	0,	1.106,	0,	0.096,	0,	0,	0,	180,	180,	180,	0,	2,	1,	000233b2ddd9014000000000,	epc,	3000,	6276,	C4:7D:CC:73:CC:B2,	FX750073CCB2,	1752085746.454,	SIMPLE,	29.2,	29.2,	Belt0001,	Container_Water,	,	,	
63,	291400,	-63,	47.6326789855957,	867.5,	0,	1.106,	0,	0.096,	0,	0,	0,	180,	180,	180,	0,	1,	1,	000233b2ddd9014000000000,	epc,	3000,	6276,	C4:7D:CC:73:CC:B2,	FX750073CCB2,	1752085746.469,	SIMPLE,	29.2,	29.2,	Belt0001,	Container_Water,	,	,	
63,	291401,	-63,	-177.665328979492,	867.5,	0,	1.106,	0,	0.096,	0,	0,	0,	180,	180,	180,	0,	1,	1,	300833b2ddd9014000000000,	epc,	3000,	39bb,	C4:7D:CC:73:CC:B2,	FX750073CCB2,	1752085746.472,	SIMPLE,	29.2,	29.2,	Belt0001,	Container_Water,	,	,	
63,	291402,	-59,	19.3530082702637,	867.5,	0,	1.106,	0,	0.096,	0,	0,	0,	180,	180,	180,	0,	2,	1,	000233b2ddd9014000000000,	epc,	3000,	6276,	C4:7D:CC:73:CC:B2,	FX750073CCB2,	1752085746.48,	SIMPLE,	29.2,	29.2,	Belt0001,	Container_Water,	,	,	
63,	291403,	-66,	38.4093742370605,	867.5,	0,	1.106,	0,	0.096,	0,	0,	0,	180,	180,	180,	0,	2,	1,	300833b2ddd9014000000000,	epc,	3000,	39bb,	C4:7D:CC:73:CC:B2,	FX750073CCB2,	1752085746.501,	SIMPLE,	29.2,	29.2,	Belt0001,	Container_Water,	,	,	
63,	291404,	-63,	48.4841461181641,	867.5,	0,	1.106,	0,	0.096,	0,	0,	0,	180,	180,	180,	0,	1,	1,	000233b2ddd9014000000000,	epc,	3000,	6276,	C4:7D:CC:73:CC:B2,	FX750073CCB2,	1752085746.509,	SIMPLE,	29.2,	29.2,	Belt0001,	Container_Water,	,	,	
63,	291405,	-63,	-176.176635742188,	867.5,	0,	1.106,	0,	0.096,	0,	0,	0,	180,	180,	180,	0,	1,	1,	300833b2ddd9014000000000,	epc,	3000,	39bb,	C4:7D:CC:73:CC:B2,	FX750073CCB2,	1752085746.511,	SIMPLE,	29.2,	29.2,	Belt0001,	Container_Water,	,	,	
63,	291406,	-59,	20.6659145355225,	867.5,	0,	1.106,	0,	0.096,	0,	0,	0,	180,	180,	180,	0,	2,	1,	000233b2ddd9014000000000,	epc,	3000,	6276,	C4:7D:CC:73:CC:B2,	FX750073CCB2,	1752085746.52,	SIMPLE,	29.2,	29.2,	Belt0001,	Container_Water,	,	,	
63,	291407,	-65,	41.601001739502,	867.5,	0,	1.106,	0,	0.096,	0,	0,	0,	180,	180,	180,	0,	2,	1,	300833b2ddd9014000000000,	epc,	3000,	39bb,	C4:7D:CC:73:CC:B2,	FX750073CCB2,	1752085746.545,	SIMPLE,	29.2,	29.2,	Belt0001,	Container_Water,	,	,	
63,	291408,	-63,	48.5830268859863,	867.5,	0,	1.106,	0,	0.096,	0,	0,	0,	180,	180,	180,	0,	1,	1,	000233b2ddd9014000000000,	epc,	3000,	6276,	C4:7D:CC:73:CC:B2,	FX750073CCB2,	1752085746.551,	SIMPLE,	29.2,	29.2,	Belt0001,	Container_Water,	,	,	
63,	291409,	-63,	-175.599838256836,	867.5,	0,	1.106,	0,	0.096,	0,	0,	0,	180,	180,	180,	0,	1,	1,	300833b2ddd9014000000000,	epc,	3000,	39bb,	C4:7D:CC:73:CC:B2,	FX750073CCB2,	1752085746.553,	SIMPLE,	29.2,	29.2,	Belt0001,	Container_Water,	,	,	
63,	291410,	-59,	18.3971672058105,	867.5,	0,	1.106,	0,	0.096,	0,	0,	0,	180,	180,	180,	0,	2,	1,	000233b2ddd9014000000000,	epc,	3000,	6276,	C4:7D:CC:73:CC:B2,	FX750073CCB2,	1752085746.561,	SIMPLE,	29.2,	29.2,	Belt0001,	Container_Water,	,	,	
63,	291411,	-66,	43.4852142333984,	867.5,	0,	1.106,	0,	0.096,	0,	0,	0,	180,	180,	180,	0,	2,	1,	300833b2ddd9014000000000,	epc,	3000,	39bb,	C4:7D:CC:73:CC:B2,	FX750073CCB2,	1752085746.577,	SIMPLE,	29.2,	29.2,	Belt0001,	Container_Water,	,	,	
63,	291412,	-63,	45.6990280151367,	867.5,	0,	1.106,	0,	0.096,	0,	0,	0,	180,	180,	180,	0,	1,	1,	000233b2ddd9014000000000,	epc,	3000,	6276,	C4:7D:CC:73:CC:B2,	FX750073CCB2,	1752085746.585,	SIMPLE,	29.2,	29.2,	Belt0001,	Container_Water,	,	,	
63,	291413,	-63,	-174.270462036133,	867.5,	0,	1.106,	0,	0.096,	0,	0,	0,	180,	180,	180,	0,	1,	1,	300833b2ddd9014000000000,	epc,	3000,	39bb,	C4:7D:CC:73:CC:B2,	FX750073CCB2,	1752085746.588,	SIMPLE,	29.2,	29.2,	Belt0001,	Container_Water,	,	,	
63,	291414,	-59,	20.940580368042,	867.5,	0,	1.106,	0,	0.096,	0,	0,	0,	180,	180,	180,	0,	2,	1,	000233b2ddd9014000000000,	epc,	3000,	6276,	C4:7D:CC:73:CC:B2,	FX750073CCB2,	1752085746.597,	SIMPLE,	29.2,	29.2,	Belt0001,	Container_Water,	,	,	
63,	291415,	-67,	43.1665992736816,	867.5,	0,	1.106,	0,	0.096,	0,	0,	0,	180,	180,	180,	0,	2,	1,	300833b2ddd9014000000000,	epc,	3000,	39bb,	C4:7D:CC:73:CC:B2,	FX750073CCB2,	1752085746.658,	SIMPLE,	29.2,	29.2,	Belt0001,	Container_Water,	,	,	
63,	291416,	-63,	44.8310813903809,	867.5,	0,	1.106,	0,	0.096,	0,	0,	0,	180,	180,	180,	0,	1,	1,	000233b2ddd9014000000000,	epc,	3000,	6276,	C4:7D:CC:73:CC:B2,	FX750073CCB2,	1752085746.666,	SIMPLE,	29.2,	29.2,	Belt0001,	Container_Water,	,	,	
63,	291417,	-63,	-174.852752685547,	867.5,	0,	1.106,	0,	0.096,	0,	0,	0,	180,	180,	180,	0,	1,	1,	300833b2ddd9014000000000,	epc,	3000,	39bb,	C4:7D:CC:73:CC:B2,	FX750073CCB2,	1752085746.669,	SIMPLE,	29.2,	29.2,	Belt0001,	Container_Water,	,	,	
63,	291418,	-59,	24.4672985076904,	867.5,	0,	1.106,	0,	0.096,	0,	0,	0,	180,	180,	180,	0,	2,	1,	000233b2ddd9014000000000,	epc,	3000,	6276,	C4:7D:CC:73:CC:B2,	FX750073CCB2,	1752085746.678,	SIMPLE,	29.2,	29.2,	Belt0001,	Container_Water,	,	,	
63,	291419,	-66,	36.2395095825195,	867.5,	0,	1.106,	0,	0.096,	0,	0,	0,	180,	180,	180,	0,	2,	1,	300833b2ddd9014000000000,	epc,	3000,	39bb,	C4:7D:CC:73:CC:B2,	FX750073CCB2,	1752085746.691,	SIMPLE,	29.2,	29.2,	Belt0001,	Container_Water,	,	,	
63,	291420,	-63,	45.8088912963867,	867.5,	0,	1.106,	0,	0.096,	0,	0,	0,	180,	180,	180,	0,	1,	1,	000233b2ddd9014000000000,	epc,	3000,	6276,	C4:7D:CC:73:CC:B2,	FX750073CCB2,	1752085746.699,	SIMPLE,	29.2,	29.2,	Belt0001,	Container_Water,	,	,	
63,	291421,	-63,	-176.022827148438,	867.5,	0,	1.106,	0,	0.096,	0,	0,	0,	180,	180,	180,	0,	1,	1,	300833b2ddd9014000000000,	epc,	3000,	39bb,	C4:7D:CC:73:CC:B2,	FX750073CCB2,	1752085746.703,	SIMPLE,	29.2,	29.2,	Belt0001,	Container_Water,	,	,	
63,	291422,	-59,	23.8026065826416,	867.5,	0,	1.106,	0,	0.096,	0,	0,	0,	180,	180,	180,	0,	2,	1,	000233b2ddd9014000000000,	epc,	3000,	6276,	C4:7D:CC:73:CC:B2,	FX750073CCB2,	1752085746.712,	SIMPLE,	29.2,	29.2,	Belt0001,	Container_Water,	,	,	
63,	291423,	-67,	39.2223892211914,	867.5,	0,	1.106,	0,	0.096,	0,	0,	0,	180,	180,	180,	0,	2,	1,	300833b2ddd9014000000000,	epc,	3000,	39bb,	C4:7D:CC:73:CC:B2,	FX750073CCB2,	1752085746.721,	SIMPLE,	29.2,	29.2,	Belt0001,	Container_Water,	,	,	
63,	291424,	-63,	-175.369125366211,	867.5,	0,	1.106,	0,	0.096,	0,	0,	0,	180,	180,	180,	0,	1,	1,	300833b2ddd9014000000000,	epc,	3000,	39bb,	C4:7D:CC:73:CC:B2,	FX750073CCB2,	1752085746.733,	SIMPLE,	29.2,	29.2,	Belt0001,	Container_Water,	,	,	
63,	291425,	-63,	51.7856369018555,	867.5,	0,	1.106,	0,	0.096,	0,	0,	0,	180,	180,	180,	0,	1,	1,	000233b2ddd9014000000000,	epc,	3000,	6276,	C4:7D:CC:73:CC:B2,	FX750073CCB2,	1752085746.735,	SIMPLE,	29.2,	29.2,	Belt0001,	Container_Water,	,	,	
63,	291426,	-59,	18.8311405181885,	867.5,	0,	1.106,	0,	0.096,	0,	0,	0,	180,	180,	180,	0,	2,	1,	000233b2ddd9014000000000,	epc,	3000,	6276,	C4:7D:CC:73:CC:B2,	FX750073CCB2,	1752085746.746,	SIMPLE,	29.2,	29.2,	Belt0001,	Container_Water,	,	,	
63,	291427,	-66,	40.00244140625,	867.5,	0,	1.106,	0,	0.096,	0,	0,	0,	180,	180,	180,	0,	2,	1,	300833b2ddd9014000000000,	epc,	3000,	39bb,	C4:7D:CC:73:CC:B2,	FX750073CCB2,	1752085746.804,	SIMPLE,	29.2,	29.2,	Belt0001,	Container_Water,	,	,	
63,	291428,	-63,	48.9291038513184,	867.5,	0,	1.106,	0,	0.096,	0,	0,	0,	180,	180,	180,	0,	1,	1,	000233b2ddd9014000000000,	epc,	3000,	6276,	C4:7D:CC:73:CC:B2,	FX750073CCB2,	1752085746.812,	SIMPLE,	29.2,	29.2,	Belt0001,	Container_Water,	,	,	
63,	291429,	-63,	-178.30256652832,	867.5,	0,	1.106,	0,	0.096,	0,	0,	0,	180,	180,	180,	0,	1,	1,	300833b2ddd9014000000000,	epc,	3000,	39bb,	C4:7D:CC:73:CC:B2,	FX750073CCB2,	1752085746.815,	SIMPLE,	29.2,	29.2,	Belt0001,	Container_Water,	,	,	
63,	291430,	-59,	17.3259677886963,	867.5,	0,	1.106,	0,	0.096,	0,	0,	0,	180,	180,	180,	0,	2,	1,	000233b2ddd9014000000000,	epc,	3000,	6276,	C4:7D:CC:73:CC:B2,	FX750073CCB2,	1752085746.823,	SIMPLE,	29.2,	29.2,	Belt0001,	Container_Water,	,	,	
63,	291431,	-67,	41.2823867797852,	867.5,	0,	1.106,	0,	0.096,	0,	0,	0,	180,	180,	180,	0,	2,	1,	300833b2ddd9014000000000,	epc,	3000,	39bb,	C4:7D:CC:73:CC:B2,	FX750073CCB2,	1752085746.825,	SIMPLE,	29.2,	29.2,	Belt0001,	Container_Water,	,	,	
63,	291432,	-63,	49.3301200866699,	867.5,	0,	1.106,	0,	0.096,	0,	0,	0,	180,	180,	180,	0,	1,	1,	000233b2ddd9014000000000,	epc,	3000,	6276,	C4:7D:CC:73:CC:B2,	FX750073CCB2,	1752085746.834,	SIMPLE,	29.2,	29.2,	Belt0001,	Container_Water,	,	,	
63,	291433,	-63,	-175.742660522461,	867.5,	0,	1.106,	0,	0.096,	0,	0,	0,	180,	180,	180,	0,	1,	1,	300833b2ddd9014000000000,	epc,	3000,	39bb,	C4:7D:CC:73:CC:B2,	FX750073CCB2,	1752085746.836,	SIMPLE,	29.2,	29.2,	Belt0001,	Container_Water,	,	,	
63,	291434,	-59,	22.0172729492188,	867.5,	0,	1.106,	0,	0.096,	0,	0,	0,	180,	180,	180,	0,	2,	1,	000233b2ddd9014000000000,	epc,	3000,	6276,	C4:7D:CC:73:CC:B2,	FX750073CCB2,	1752085746.847,	SIMPLE,	29.2,	29.2,	Belt0001,	Container_Water,	,	,	
